Timestamp,Temperature (in Celsius),Pressure (in MPa)
16:19:00,27.62,0.105
16:19:00,27.62,0.105
16:19:00,27.62,0.105
16:19:00,27.56,0.105
16:19:02,27.56,0.106
16:19:03,27.56,0.105
16:19:03,27.56,0.105
16:19:04,27.56,0.106
16:19:04,27.56,0.105
16:19:05,27.56,0.105
16:19:05,27.62,0.108
16:19:06,27.62,0.108
16:19:06,27.62,0.106
16:19:07,27.62,0.105
16:19:07,27.56,0.105
16:19:08,27.56,0.105
16:19:08,27.56,0.105
16:19:09,27.62,0.103
16:19:09,27.56,0.104
16:19:10,27.56,0.108
16:19:10,27.56,0.105
16:19:11,27.56,0.102
16:19:11,27.62,0.107
16:19:12,27.62,0.106
16:19:12,27.62,0.107
16:19:13,27.56,0.103
16:19:13,27.56,0.106
16:19:14,27.56,0.107
16:19:14,27.56,0.106
16:19:14,27.56,0.104
16:19:15,27.56,0.107
16:19:15,27.56,0.102
16:19:16,27.56,0.105
16:19:16,27.56,0.107
16:19:17,27.56,0.106
16:19:17,27.56,0.108
16:19:18,27.56,0.103
16:19:18,27.56,0.108
16:19:19,27.62,0.108
16:19:19,27.62,0.105
16:19:20,27.56,0.104
16:19:20,27.56,0.104
16:19:21,27.62,0.103
16:19:21,27.56,0.105
16:19:22,27.56,0.103
16:19:22,27.56,0.105
16:19:23,27.56,0.106
16:19:23,27.56,0.105
16:19:24,27.62,0.106
16:19:24,27.56,0.105
16:19:25,27.56,0.105
16:19:25,27.50,0.105
16:19:26,27.56,0.105
16:19:26,27.56,0.105
16:19:27,27.56,0.103
16:19:27,27.56,0.103
16:19:27,27.56,0.104
16:19:28,27.56,0.106
16:19:28,27.56,0.107
16:19:29,27.56,0.103
16:19:29,27.56,0.105
16:19:30,27.62,0.106
16:19:30,27.56,0.107
16:19:31,27.62,0.105
16:19:31,27.62,0.105
16:19:32,27.56,0.103
16:19:32,27.56,0.108
16:19:33,27.62,0.105
16:19:33,27.62,0.107
16:19:34,27.56,0.105
16:19:34,27.62,0.105
16:19:35,27.62,0.106
16:19:35,27.62,0.106
16:19:36,27.56,0.105
16:19:36,27.62,0.105
16:19:37,27.62,0.104
16:19:37,27.62,0.105
16:19:38,27.56,0.104
16:19:38,27.56,0.105
16:19:39,27.56,0.105
16:19:39,27.62,0.106
16:19:39,27.56,0.107
16:19:40,27.50,0.105
16:19:40,27.56,0.106
16:19:41,27.62,0.107
16:19:41,27.56,0.108
16:19:42,27.62,0.105
16:19:42,27.62,0.107
16:19:43,27.56,0.106
16:19:43,27.62,0.108
16:19:44,27.62,0.105
16:19:44,27.62,0.106
16:19:45,27.56,0.108
16:19:45,27.62,0.105
16:19:46,27.62,0.104
16:19:46,27.62,0.108
16:19:47,27.62,0.105
16:19:47,27.62,0.105
16:19:48,27.62,0.105
16:19:48,27.62,0.108
16:19:49,27.62,0.108
16:19:49,27.62,0.108
16:19:50,27.62,0.105
16:19:50,27.62,0.105
16:19:51,27.62,0.106
16:19:51,27.62,0.108
16:19:51,27.62,0.106
16:19:52,27.62,0.106
16:19:52,27.62,0.109
16:19:53,27.62,0.107
16:19:53,27.62,0.108
16:19:54,27.69,0.105
16:19:54,27.62,0.108
16:19:55,27.62,0.108
16:19:55,27.69,0.108
16:19:56,27.62,0.106
16:19:56,27.62,0.107
16:19:57,27.69,0.106
16:19:57,27.62,0.106
16:19:58,27.69,0.103
16:19:58,27.69,0.107
16:19:59,27.69,0.106
16:19:59,27.69,0.105
16:20:00,27.69,0.106
16:20:00,27.69,0.106
16:20:01,27.69,0.103
16:20:01,27.75,0.106
16:20:02,27.69,0.109
16:20:02,27.69,0.109
16:20:03,27.69,0.105
16:20:03,27.75,0.106
16:20:04,27.69,0.105
16:20:04,27.69,0.108
16:20:04,27.69,0.107
16:20:05,27.75,0.105
16:20:05,27.75,0.106
16:20:06,27.75,0.103
16:20:06,27.75,0.108
16:20:07,27.75,0.107
16:20:07,27.75,0.103
16:20:08,27.75,0.108
16:20:08,27.75,0.105
16:20:09,27.69,0.106
16:20:09,27.75,0.106
16:20:10,27.75,0.106
16:20:10,27.75,0.108
16:20:11,27.75,0.109
16:20:11,27.75,0.109
16:20:12,27.81,0.106
16:20:12,27.75,0.107
16:20:13,27.81,0.105
16:20:13,27.81,0.108
16:20:14,27.81,0.105
16:20:14,27.81,0.107
16:20:15,27.87,0.106
16:20:15,27.81,0.109
16:20:16,27.81,0.103
16:20:16,27.81,0.109
16:20:16,27.81,0.105
16:20:17,27.81,0.106
16:20:17,27.87,0.108
16:20:18,27.87,0.103
16:20:18,27.87,0.103
16:20:19,27.94,0.106
16:20:19,27.94,0.105
16:20:20,27.94,0.106
16:20:20,27.87,0.108
16:20:21,27.94,0.103
16:20:21,27.87,0.108
16:20:22,27.94,0.108
16:20:22,27.94,0.108
16:20:23,27.94,0.104
16:20:23,28.00,0.104
16:20:24,28.00,0.108
16:20:24,28.00,0.106
16:20:25,28.00,0.106
16:20:25,28.00,0.107
16:20:26,27.94,0.108
16:20:26,28.00,0.108
16:20:27,28.00,0.107
16:20:27,28.06,0.107
16:20:28,28.00,0.108
16:20:28,28.00,0.108
16:20:28,28.06,0.108
16:20:29,28.06,0.106
16:20:29,28.06,0.108
16:20:30,28.06,0.108
16:20:30,28.12,0.105
16:20:31,28.06,0.105
16:20:31,28.06,0.105
16:20:32,28.06,0.106
16:20:32,28.12,0.107
16:20:33,28.12,0.107
16:20:33,28.12,0.106
16:20:34,28.12,0.108
16:20:34,28.19,0.107
16:20:35,28.19,0.105
16:20:35,28.19,0.108
16:20:36,28.19,0.107
16:20:36,28.19,0.105
16:20:37,28.19,0.106
16:20:37,28.19,0.108
16:20:38,28.25,0.107
16:20:38,28.25,0.109
16:20:39,28.25,0.106
16:20:39,28.25,0.109
16:20:40,28.25,0.106
16:20:40,28.31,0.107
16:20:41,28.31,0.107
16:20:41,28.31,0.108
16:20:41,28.31,0.105
16:20:42,28.31,0.108
16:20:42,28.37,0.106
16:20:43,28.37,0.105
16:20:43,28.31,0.106
16:20:44,28.37,0.105
16:20:44,28.44,0.107
16:20:45,28.37,0.106
16:20:45,28.44,0.107
16:20:46,28.37,0.106
16:20:46,28.44,0.109
16:20:47,28.44,0.109
16:20:47,28.44,0.108
16:20:48,28.50,0.103
16:20:48,28.50,0.110
16:20:49,28.50,0.104
16:20:49,28.50,0.108
16:20:50,28.50,0.106
16:20:50,28.50,0.107
16:20:51,28.56,0.105
16:20:51,28.62,0.105
16:20:52,28.56,0.105
16:20:52,28.56,0.109
16:20:53,28.56,0.105
16:20:53,28.62,0.107
16:20:53,28.62,0.110
16:20:54,28.62,0.108
16:20:54,28.69,0.107
16:20:55,28.62,0.111
16:20:55,28.69,0.105
16:20:56,28.69,0.109
16:20:56,28.69,0.105
16:20:57,28.69,0.109
16:20:57,28.75,0.107
16:20:58,28.75,0.108
16:20:58,28.75,0.105
16:20:59,28.75,0.107
16:20:59,28.75,0.106
16:21:00,28.81,0.108
16:21:00,28.87,0.105
16:21:01,28.81,0.108
16:21:01,28.87,0.105
16:21:02,28.87,0.108
16:21:02,28.87,0.109
16:21:03,28.87,0.107
16:21:03,28.94,0.108
16:21:04,28.94,0.105
16:21:04,28.94,0.106
16:21:05,28.94,0.109
16:21:05,28.94,0.108
16:21:05,28.94,0.109
16:21:06,28.94,0.106
16:21:06,29.00,0.106
16:21:07,29.00,0.108
16:21:07,29.06,0.107
16:21:08,29.06,0.108
16:21:08,29.06,0.108
16:21:09,29.06,0.108
16:21:09,29.12,0.106
16:21:10,29.12,0.107
16:21:10,29.12,0.107
16:21:11,29.12,0.108
16:21:11,29.12,0.108
16:21:12,29.12,0.108
16:21:12,29.19,0.109
16:21:13,29.19,0.106
16:21:13,29.19,0.106
16:21:14,29.25,0.108
16:21:14,29.25,0.108
16:21:15,29.31,0.109
16:21:15,29.25,0.104
16:21:16,29.25,0.105
16:21:16,29.25,0.109
16:21:17,29.31,0.105
16:21:17,29.31,0.108
16:21:18,29.37,0.105
16:21:18,29.37,0.106
16:21:19,29.37,0.108
16:21:19,29.37,0.107
16:21:19,29.44,0.109
16:21:20,29.44,0.107
16:21:20,29.50,0.109
16:21:21,29.50,0.107
16:21:21,29.50,0.106
16:21:22,29.50,0.107
16:21:22,29.50,0.109
16:21:23,29.50,0.105
16:21:23,29.56,0.107
16:21:24,29.50,0.104
16:21:24,29.56,0.108
16:21:25,29.56,0.109
16:21:25,29.62,0.109
16:21:26,29.62,0.109
16:21:26,29.62,0.111
16:21:27,29.62,0.107
16:21:27,29.69,0.109
16:21:28,29.69,0.106
16:21:28,29.69,0.107
16:21:29,29.69,0.108
16:21:29,29.75,0.106
16:21:30,29.75,0.105
16:21:30,29.75,0.109
16:21:31,29.81,0.107
16:21:31,29.81,0.105
16:21:32,29.81,0.109
16:21:32,29.81,0.106
16:21:33,29.87,0.106
16:21:33,29.87,0.108
16:21:33,29.94,0.109
16:21:34,29.94,0.105
16:21:34,29.94,0.105
16:21:35,29.94,0.107
16:21:35,29.94,0.107
16:21:36,30.00,0.109
16:21:36,30.00,0.108
16:21:37,30.00,0.103
16:21:37,30.06,0.106
16:21:38,30.06,0.108
16:21:38,30.06,0.107
16:21:39,30.12,0.107
16:21:39,30.06,0.109
16:21:40,30.12,0.104
16:21:40,30.12,0.108
16:21:41,30.19,0.109
16:21:41,30.19,0.104
16:21:42,30.19,0.109
16:21:42,30.25,0.108
16:21:43,30.25,0.106
16:21:43,30.25,0.105
16:21:44,30.25,0.109
16:21:44,30.31,0.109
16:21:45,30.31,0.109
16:21:45,30.31,0.106
16:21:46,30.37,0.105
16:21:46,30.37,0.109
16:21:46,30.37,0.109
16:21:47,30.44,0.107
16:21:47,30.44,0.106
16:21:48,30.44,0.107
16:21:48,30.50,0.108
16:21:49,30.50,0.107
16:21:49,30.56,0.107
16:21:50,30.56,0.103
16:21:50,30.56,0.109
16:21:51,30.56,0.108
16:21:51,30.62,0.106
16:21:52,30.62,0.109
16:21:52,30.62,0.107
16:21:53,30.62,0.103
16:21:53,30.62,0.103
16:21:54,30.69,0.105
16:21:54,30.69,0.105
16:21:55,30.75,0.109
16:21:55,30.75,0.107
16:21:56,30.75,0.107
16:21:56,30.75,0.104
16:21:57,30.81,0.107
16:21:57,30.81,0.107
16:21:58,30.81,0.106
16:21:58,30.87,0.109
16:21:59,30.87,0.108
16:21:59,30.87,0.105
16:21:59,30.94,0.108
16:22:00,30.94,0.109
16:22:00,30.94,0.107
16:22:01,31.00,0.109
16:22:01,31.00,0.108
16:22:02,31.06,0.109
16:22:02,31.06,0.109
16:22:03,31.06,0.109
16:22:03,31.12,0.107
16:22:04,31.12,0.105
16:22:04,31.19,0.108
16:22:05,31.19,0.109
16:22:05,31.19,0.110
16:22:06,31.25,0.107
16:22:06,31.25,0.107
16:22:07,31.25,0.109
16:22:07,31.31,0.106
16:22:08,31.25,0.109
16:22:08,31.31,0.109
16:22:09,31.31,0.108
16:22:09,31.31,0.107
16:22:10,31.37,0.108
16:22:10,31.37,0.105
16:22:11,31.37,0.103
16:22:11,31.44,0.109
16:22:11,31.44,0.105
16:22:12,31.44,0.109
16:22:12,31.50,0.106
16:22:13,31.50,0.109
16:22:13,31.56,0.106
16:22:14,31.56,0.105
16:22:14,31.56,0.107
16:22:15,31.56,0.108
16:22:15,31.62,0.111
16:22:16,31.62,0.109
16:22:16,31.69,0.111
16:22:17,31.69,0.107
16:22:17,31.75,0.108
16:22:18,31.75,0.108
16:22:18,31.81,0.107
16:22:19,31.81,0.109
16:22:19,31.87,0.109
16:22:20,31.87,0.108
16:22:20,31.87,0.106
16:22:21,31.94,0.109
16:22:21,31.94,0.108
16:22:22,31.94,0.105
16:22:22,31.94,0.111
16:22:23,32.00,0.109
16:22:23,32.00,0.106
16:22:24,32.06,0.105
16:22:24,32.06,0.105
16:22:24,32.13,0.105
16:22:25,32.13,0.109
16:22:25,32.19,0.105
16:22:26,32.19,0.106
16:22:26,32.25,0.108
16:22:27,32.25,0.107
16:22:27,32.25,0.109
16:22:28,32.31,0.107
16:22:28,32.31,0.105
16:22:29,32.31,0.105
16:22:29,32.31,0.108
16:22:30,32.38,0.108
16:22:30,32.38,0.107
16:22:31,32.38,0.106
16:22:31,32.44,0.108
16:22:32,32.44,0.108
16:22:32,32.44,0.109
16:22:33,32.50,0.105
16:22:33,32.50,0.107
16:22:34,32.56,0.108
16:22:34,32.56,0.109
16:22:35,32.63,0.105
16:22:35,32.63,0.108
16:22:36,32.63,0.109
16:22:36,32.69,0.106
16:22:37,32.69,0.107
16:22:37,32.75,0.108
16:22:37,32.75,0.106
16:22:38,32.75,0.107
16:22:38,32.81,0.109
16:22:39,32.81,0.109
16:22:39,32.88,0.107
16:22:40,32.88,0.107
16:22:40,32.94,0.109
16:22:41,32.94,0.106
16:22:41,32.94,0.107
16:22:42,33.00,0.105
16:22:42,33.00,0.109
16:22:43,33.00,0.108
16:22:43,33.06,0.109
16:22:44,33.06,0.105
16:22:44,33.13,0.105
16:22:45,33.19,0.106
16:22:45,33.19,0.107
16:22:46,33.19,0.107
16:22:46,33.25,0.107
16:22:47,33.31,0.107
16:22:47,33.31,0.109
16:22:48,33.31,0.108
16:22:48,33.31,0.108
16:22:49,33.38,0.108
16:22:49,33.38,0.107
16:22:50,33.44,0.108
16:22:50,33.44,0.108
16:22:50,33.50,0.107
16:22:51,33.56,0.106
16:22:51,33.56,0.104
16:22:52,33.56,0.105
16:22:52,33.56,0.106
16:22:53,33.63,0.110
16:22:53,33.63,0.105
16:22:54,33.69,0.109
16:22:54,33.69,0.107
16:22:55,33.69,0.107
16:22:55,33.69,0.109
16:22:56,33.75,0.108
16:22:56,33.81,0.108
16:22:57,33.81,0.107
16:22:57,33.88,0.107
16:22:58,33.88,0.106
16:22:58,33.94,0.108
16:22:59,33.94,0.107
16:22:59,33.94,0.107
16:23:00,34.00,0.108
16:23:00,34.00,0.107
16:23:01,34.06,0.109
16:23:01,34.06,0.105
16:23:02,34.13,0.110
16:23:02,34.13,0.108
16:23:02,34.19,0.103
16:23:03,34.19,0.109
16:23:03,34.19,0.108
16:23:04,34.25,0.108
16:23:04,34.25,0.105
16:23:05,34.31,0.108
16:23:05,34.31,0.108
16:23:06,34.31,0.109
16:23:06,34.38,0.109
16:23:07,34.38,0.109
16:23:07,34.44,0.108
16:23:08,34.44,0.109
16:23:08,34.44,0.108
16:23:09,34.50,0.109
16:23:09,34.56,0.106
16:23:10,34.56,0.105
16:23:10,34.63,0.109
16:23:11,34.63,0.108
16:23:11,34.63,0.108
16:23:12,34.63,0.108
16:23:12,34.69,0.108
16:23:13,34.69,0.109
16:23:13,34.75,0.106
16:23:14,34.75,0.110
16:23:14,34.81,0.108
16:23:15,34.81,0.107
16:23:15,34.81,0.108
16:23:15,34.88,0.109
16:23:16,34.94,0.108
16:23:16,34.94,0.107
16:23:17,34.94,0.109
16:23:17,35.00,0.111
16:23:18,35.00,0.111
16:23:18,35.06,0.109
16:23:19,35.13,0.107
16:23:19,35.13,0.106
16:23:20,35.19,0.105
16:23:20,35.19,0.107
16:23:21,35.19,0.109
16:23:21,35.19,0.109
16:23:22,35.25,0.105
16:23:22,35.25,0.105
16:23:23,35.31,0.108
16:23:23,35.31,0.109
16:23:24,35.38,0.109
16:23:24,35.44,0.108
16:23:25,35.38,0.108
16:23:25,35.44,0.110
16:23:26,35.50,0.111
16:23:26,35.50,0.107
16:23:27,35.50,0.111
16:23:27,35.56,0.109
16:23:28,35.56,0.110
16:23:28,35.63,0.109
16:23:29,35.63,0.105
16:23:29,35.63,0.105
16:23:29,35.69,0.108
16:23:30,35.69,0.105
16:23:30,35.75,0.109
16:23:31,35.75,0.109
16:23:31,35.81,0.109
16:23:32,35.88,0.105
16:23:32,35.88,0.109
16:23:33,35.94,0.108
16:23:33,35.94,0.106
16:23:34,36.00,0.109
16:23:34,36.00,0.106
16:23:35,36.06,0.107
16:23:35,36.06,0.108
16:23:36,36.06,0.108
16:23:36,36.13,0.109
16:23:37,36.13,0.109
16:23:37,36.13,0.110
16:23:38,36.25,0.109
16:23:38,36.25,0.109
16:23:39,36.25,0.109
16:23:39,36.25,0.108
16:23:40,36.31,0.107
16:23:40,36.31,0.107
16:23:41,36.38,0.109
16:23:41,36.44,0.109
16:23:42,36.44,0.109
16:23:42,36.50,0.109
16:23:42,36.50,0.108
16:23:43,36.50,0.106
16:23:43,36.56,0.110
16:23:44,36.63,0.108
16:23:44,36.63,0.107
16:23:45,36.63,0.108
16:23:45,36.69,0.109
16:23:46,36.75,0.107
16:23:46,36.75,0.107
16:23:47,36.81,0.107
16:23:47,36.81,0.109
16:23:48,36.81,0.109
16:23:48,36.88,0.108
16:23:49,36.94,0.105
16:23:49,36.94,0.109
16:23:50,37.00,0.107
16:23:50,37.06,0.110
16:23:51,37.06,0.108
16:23:51,37.13,0.108
16:23:52,37.13,0.108
16:23:52,37.19,0.109
16:23:53,37.19,0.109
16:23:53,37.25,0.108
16:23:54,37.25,0.110
16:23:54,37.31,0.113
16:23:55,37.38,0.110
16:23:55,37.38,0.107
16:23:55,37.44,0.111
16:23:56,37.44,0.107
16:23:56,37.44,0.109
16:23:57,37.50,0.108
16:23:57,37.50,0.111
16:23:58,37.56,0.109
16:23:58,37.56,0.108
16:23:59,37.63,0.108
16:23:59,37.63,0.108
16:24:00,37.69,0.111
16:24:00,37.69,0.108
16:24:01,37.75,0.109
16:24:01,37.75,0.108
16:24:02,37.81,0.109
16:24:02,37.88,0.106
16:24:03,37.88,0.108
16:24:03,37.81,0.107
16:24:04,37.88,0.110
16:24:04,37.94,0.109
16:24:05,38.00,0.107
16:24:05,38.00,0.107
16:24:06,38.06,0.107
16:24:06,38.13,0.111
16:24:07,38.13,0.108
16:24:07,38.13,0.109
16:24:08,38.13,0.108
16:24:08,38.19,0.109
16:24:09,38.19,0.109
16:24:09,38.19,0.108
16:24:09,38.31,0.106
16:24:10,38.31,0.111
16:24:10,38.31,0.108
16:24:11,38.31,0.108
16:24:11,38.38,0.110
16:24:12,38.44,0.109
16:24:12,38.50,0.109
16:24:13,38.50,0.108
16:24:13,38.50,0.110
16:24:14,38.56,0.108
16:24:14,38.56,0.111
16:24:15,38.63,0.109
16:24:15,38.63,0.107
16:24:16,38.69,0.107
16:24:16,38.69,0.109
16:24:17,38.75,0.107
16:24:17,38.75,0.107
16:24:18,38.81,0.108
16:24:18,38.81,0.109
16:24:19,38.88,0.109
16:24:19,38.88,0.108
16:24:20,38.94,0.107
16:24:20,39.00,0.113
16:24:21,39.00,0.108
16:24:21,39.06,0.107
16:24:22,39.06,0.109
16:24:22,39.13,0.109
16:24:22,39.13,0.111
16:24:23,39.19,0.108
16:24:23,39.19,0.109
16:24:24,39.25,0.109
16:24:24,39.31,0.109
16:24:25,39.38,0.107
16:24:25,39.38,0.109
16:24:26,39.44,0.107
16:24:26,39.44,0.108
16:24:27,39.50,0.108
16:24:27,39.50,0.109
16:24:28,39.50,0.109
16:24:28,39.56,0.113
16:24:29,39.63,0.111
16:24:29,39.63,0.109
16:24:30,39.69,0.109
16:24:30,39.75,0.109
16:24:31,39.75,0.112
16:24:31,39.81,0.109
16:24:32,39.81,0.107
16:24:32,39.88,0.109
16:24:33,39.88,0.111
16:24:33,39.94,0.109
16:24:34,39.94,0.107
16:24:34,40.06,0.108
16:24:35,40.06,0.109
16:24:35,40.06,0.109
16:24:36,40.13,0.109
16:24:36,40.19,0.109
16:24:36,40.25,0.107
16:24:37,40.25,0.111
16:24:37,40.31,0.111
16:24:38,40.31,0.111
16:24:38,40.31,0.108
16:24:39,40.38,0.109
16:24:39,40.44,0.108
16:24:40,40.44,0.109
16:24:40,40.50,0.111
16:24:41,40.50,0.109
16:24:41,40.56,0.109
16:24:42,40.63,0.110
16:24:42,40.69,0.109
16:24:43,40.69,0.109
16:24:43,40.75,0.107
16:24:44,40.75,0.107
16:24:44,40.81,0.109
16:24:45,40.88,0.109
16:24:45,40.94,0.109
16:24:46,40.94,0.109
16:24:46,40.94,0.108
16:24:47,41.00,0.110
16:24:47,41.06,0.111
16:24:48,41.13,0.111
16:24:48,41.13,0.113
16:24:49,41.13,0.109
16:24:49,41.25,0.109
16:24:50,41.25,0.108
16:24:50,41.31,0.109
16:24:50,41.31,0.112
16:24:51,41.38,0.111
16:24:51,41.38,0.107
16:24:52,41.44,0.111
16:24:52,41.50,0.111
16:24:53,41.50,0.107
16:24:53,41.56,0.107
16:24:54,41.63,0.110
16:24:54,41.69,0.109
16:24:55,41.69,0.111
16:24:55,41.75,0.107
16:24:56,41.75,0.109
16:24:56,41.81,0.112
16:24:57,41.81,0.111
16:24:57,41.88,0.111
16:24:58,41.94,0.109
16:24:58,41.94,0.109
16:24:59,42.00,0.110
16:24:59,42.06,0.109
16:25:00,42.06,0.109
16:25:00,42.13,0.115
16:25:01,42.13,0.108
16:25:01,42.19,0.109
16:25:02,42.25,0.108
16:25:02,42.31,0.109
16:25:03,42.31,0.109
16:25:03,42.31,0.113
16:25:04,42.44,0.107
16:25:04,42.50,0.109
16:25:04,42.50,0.109
16:25:05,42.50,0.109
16:25:05,42.56,0.110
16:25:06,42.63,0.110
16:25:06,42.69,0.113
16:25:07,42.69,0.112
16:25:07,42.75,0.112
16:25:08,42.75,0.110
16:25:08,42.81,0.109
16:25:09,42.88,0.111
16:25:09,42.88,0.109
16:25:10,42.94,0.109
16:25:10,43.00,0.109
16:25:11,43.06,0.109
16:25:11,43.06,0.113
16:25:12,43.13,0.109
16:25:12,43.19,0.111
16:25:13,43.19,0.110
16:25:13,43.25,0.109
16:25:14,43.31,0.111
16:25:14,43.38,0.111
16:25:15,43.38,0.111
16:25:15,43.44,0.113
16:25:16,43.44,0.109
16:25:16,43.50,0.110
16:25:17,43.56,0.109
16:25:17,43.63,0.109
16:25:18,43.63,0.112
16:25:18,43.69,0.109
16:25:18,43.75,0.112
16:25:19,43.75,0.110
16:25:19,43.81,0.109
16:25:20,43.88,0.113
16:25:20,43.88,0.111
16:25:21,43.94,0.112
16:25:21,44.00,0.114
16:25:22,44.00,0.111
16:25:22,44.06,0.110
16:25:23,44.13,0.113
16:25:23,44.13,0.110
16:25:24,44.19,0.115
16:25:24,44.19,0.112
16:25:25,44.25,0.109
16:25:25,44.31,0.109
16:25:26,44.31,0.110
16:25:26,44.38,0.113
16:25:27,44.44,0.114
16:25:27,44.50,0.115
16:25:28,44.50,0.109
16:25:28,44.50,0.110
16:25:29,44.63,0.113
16:25:29,44.63,0.112
16:25:30,44.69,0.115
16:25:30,44.75,0.115
16:25:31,44.81,0.113
16:25:31,44.81,0.111
16:25:32,44.81,0.112
16:25:32,44.94,0.110
16:25:33,44.94,0.113
16:25:33,45.00,0.110
16:25:33,45.06,0.113
16:25:34,45.06,0.112
16:25:34,45.13,0.113
16:25:35,45.19,0.112
16:25:35,45.25,0.114
16:25:36,45.25,0.113
16:25:36,45.31,0.109
16:25:37,45.38,0.115
16:25:37,45.44,0.111
16:25:38,45.50,0.111
16:25:38,45.50,0.114
16:25:39,45.56,0.111
16:25:39,45.63,0.113
16:25:40,45.69,0.116
16:25:40,45.75,0.115
16:25:41,45.81,0.115
16:25:41,45.81,0.115
16:25:42,45.88,0.114
16:25:42,45.94,0.115
16:25:43,46.00,0.113
16:25:43,46.06,0.110
16:25:44,46.06,0.114
16:25:44,46.13,0.114
16:25:45,46.19,0.114
16:25:45,46.25,0.114
16:25:46,46.25,0.115
16:25:46,46.31,0.114
16:25:47,46.38,0.114
16:25:47,46.44,0.115
16:25:48,46.50,0.114
16:25:48,46.56,0.118
16:25:48,46.63,0.114
16:25:49,46.63,0.115
16:25:49,46.69,0.115
16:25:50,46.75,0.116
16:25:50,46.81,0.114
16:25:51,46.81,0.118
16:25:51,46.88,0.116
16:25:52,46.94,0.115
16:25:52,46.94,0.112
16:25:53,47.00,0.115
16:25:53,47.06,0.115
16:25:54,47.06,0.116
16:25:54,47.13,0.115
16:25:55,47.19,0.116
16:25:55,47.25,0.116
16:25:56,47.31,0.115
16:25:56,47.31,0.115
16:25:57,47.38,0.119
16:25:57,47.44,0.116
16:25:58,47.44,0.113
16:25:58,47.50,0.116
16:25:59,47.56,0.116
16:25:59,47.56,0.116
16:26:00,47.69,0.120
16:26:00,47.69,0.119
16:26:01,47.75,0.114
16:26:01,47.81,0.116
16:26:02,47.88,0.118
16:26:02,47.94,0.119
16:26:03,47.94,0.118
16:26:03,48.00,0.118
16:26:03,48.06,0.121
16:26:04,48.13,0.116
16:26:04,48.13,0.119
16:26:05,48.25,0.118
16:26:05,48.25,0.120
16:26:06,48.31,0.119
16:26:06,48.38,0.122
16:26:07,48.44,0.119
16:26:07,48.44,0.119
16:26:08,48.50,0.122
16:26:08,48.56,0.119
16:26:09,48.63,0.121
16:26:09,48.69,0.121
16:26:10,48.75,0.118
16:26:10,48.81,0.121
16:26:11,48.81,0.119
16:26:11,48.94,0.117
16:26:12,48.94,0.120
16:26:12,49.00,0.119
16:26:13,49.06,0.121
16:26:13,49.13,0.118
16:26:14,49.19,0.119
16:26:14,49.19,0.120
16:26:15,49.25,0.123
16:26:15,49.31,0.119
16:26:16,49.38,0.121
16:26:16,49.38,0.119
16:26:17,49.44,0.123
16:26:17,49.50,0.118
16:26:18,49.56,0.125
16:26:18,49.63,0.123
16:26:18,49.69,0.121
16:26:19,49.75,0.118
16:26:19,49.81,0.121
16:26:20,49.88,0.121
16:26:20,49.88,0.121
16:26:21,49.94,0.121
16:26:21,50.00,0.120
16:26:22,50.06,0.123
16:26:22,50.06,0.123
16:26:23,50.19,0.120
16:26:23,50.19,0.118
16:26:24,50.25,0.120
16:26:24,50.31,0.120
16:26:25,50.38,0.125
16:26:25,50.44,0.122
16:26:26,50.50,0.122
16:26:26,50.56,0.122
16:26:27,50.63,0.121
16:26:27,50.69,0.124
16:26:28,50.75,0.123
16:26:28,50.75,0.121
16:26:29,50.81,0.123
16:26:29,50.88,0.122
16:26:30,50.94,0.123
16:26:30,51.00,0.123
16:26:31,51.06,0.126
16:26:31,51.13,0.123
16:26:32,51.19,0.123
16:26:32,51.25,0.123
16:26:33,51.25,0.126
16:26:33,51.31,0.124
16:26:34,51.38,0.123
16:26:34,51.44,0.124
16:26:35,51.50,0.127
16:26:35,51.56,0.123
16:26:35,51.63,0.123
16:26:36,51.69,0.124
16:26:36,51.75,0.125
16:26:37,51.81,0.124
16:26:37,51.88,0.122
16:26:38,51.94,0.127
16:26:38,52.00,0.124
16:26:39,52.06,0.125
16:26:39,52.13,0.128
16:26:40,52.19,0.125
16:26:40,52.19,0.123
16:26:41,52.31,0.126
16:26:41,52.38,0.125
16:26:42,52.44,0.125
16:26:42,52.44,0.125
16:26:43,52.50,0.127
16:26:43,52.56,0.123
16:26:44,52.63,0.126
16:26:44,52.69,0.127
16:26:45,52.75,0.128
16:26:45,52.75,0.126
16:26:46,52.81,0.125
16:26:46,52.94,0.125
16:26:47,53.00,0.121
16:26:47,53.00,0.127
16:26:48,53.13,0.126
16:26:48,53.19,0.127
16:26:49,53.25,0.126
16:26:49,53.25,0.125
16:26:50,53.38,0.126
16:26:50,53.38,0.129
16:26:51,53.44,0.131
16:26:51,53.50,0.129
16:26:52,53.56,0.129
16:26:52,53.69,0.127
16:26:52,53.69,0.127
16:26:53,53.75,0.126
16:26:53,53.81,0.131
16:26:54,53.88,0.126
16:26:54,53.94,0.129
16:26:55,54.00,0.131
16:26:55,54.13,0.127
16:26:56,54.13,0.127
16:26:56,54.25,0.127
16:26:57,54.25,0.129
16:26:57,54.31,0.128
16:26:58,54.38,0.129
16:26:58,54.44,0.129
16:26:59,54.50,0.129
16:26:59,54.56,0.128
16:27:00,54.63,0.129
16:27:00,54.69,0.127
16:27:01,54.75,0.129
16:27:01,54.88,0.131
16:27:02,54.88,0.130
16:27:02,54.94,0.129
16:27:03,55.06,0.130
16:27:03,55.13,0.127
16:27:04,55.19,0.128
16:27:04,55.25,0.130
16:27:05,55.31,0.131
16:27:05,55.38,0.130
16:27:06,55.44,0.126
16:27:06,55.50,0.131
16:27:07,55.56,0.130
16:27:07,55.63,0.128
16:27:08,55.69,0.126
16:27:08,55.75,0.131
16:27:09,55.81,0.133
16:27:09,55.94,0.131
16:27:09,56.00,0.132
16:27:10,56.00,0.132
16:27:10,56.13,0.131
16:27:11,56.19,0.126
16:27:11,56.19,0.129
16:27:12,56.31,0.131
16:27:12,56.38,0.130
16:27:13,56.44,0.133
16:27:13,56.50,0.131
16:27:14,56.56,0.130
16:27:14,56.63,0.132
16:27:15,56.75,0.130
16:27:15,56.75,0.132
16:27:16,56.81,0.131
16:27:16,56.88,0.133
16:27:17,57.00,0.133
16:27:17,57.06,0.133
16:27:18,57.13,0.133
16:27:18,57.19,0.132
16:27:19,57.25,0.132
16:27:19,57.31,0.133
16:27:20,57.38,0.130
16:27:20,57.44,0.133
16:27:21,57.56,0.133
16:27:21,57.56,0.132
16:27:22,57.69,0.130
16:27:22,57.75,0.133
16:27:23,57.81,0.135
16:27:23,57.88,0.134
16:27:24,57.94,0.135
16:27:24,58.00,0.135
16:27:25,58.06,0.135
16:27:25,58.13,0.137
16:27:26,58.19,0.135
16:27:26,58.25,0.138
16:27:27,58.38,0.137
16:27:27,58.44,0.135
16:27:28,58.50,0.139
16:27:28,58.56,0.135
16:27:28,58.63,0.137
16:27:29,58.69,0.139
16:27:29,58.81,0.137
16:27:30,58.88,0.139
16:27:30,58.94,0.138
16:27:31,59.00,0.135
16:27:31,59.06,0.135
16:27:32,59.19,0.137
16:27:32,59.25,0.136
16:27:33,59.31,0.134
16:27:33,59.38,0.136
16:27:34,59.50,0.137
16:27:34,59.56,0.133
16:27:35,59.63,0.138
16:27:35,59.69,0.137
16:27:36,59.75,0.136
16:27:36,59.81,0.137
16:27:37,59.94,0.134
16:27:37,60.00,0.139
16:27:38,60.13,0.136
16:27:38,60.13,0.137
16:27:39,60.25,0.137
16:27:39,60.38,0.141
16:27:40,60.38,0.136
16:27:40,60.50,0.138
16:27:41,60.56,0.137
16:27:41,60.63,0.137
16:27:42,60.69,0.138
16:27:42,60.75,0.136
16:27:43,60.81,0.136
16:27:43,60.94,0.136
16:27:44,61.00,0.139
16:27:44,61.06,0.137
16:27:45,61.13,0.134
16:27:45,61.25,0.141
16:27:46,61.31,0.139
16:27:46,61.38,0.136
16:27:47,61.50,0.137
16:27:47,61.56,0.139
16:27:48,61.63,0.137
16:27:48,61.75,0.141
16:27:49,61.81,0.139
16:27:49,61.88,0.136
16:27:49,62.00,0.143
16:27:50,62.06,0.141
16:27:50,62.13,0.141
16:27:51,62.25,0.139
16:27:51,62.25,0.141
16:27:52,62.38,0.140
16:27:52,62.44,0.141
16:27:53,62.50,0.145
16:27:53,62.56,0.138
16:27:54,62.69,0.140
16:27:54,62.75,0.141
16:27:55,62.81,0.141
16:27:55,62.88,0.142
16:27:56,63.00,0.141
16:27:56,63.13,0.141
16:27:57,63.13,0.141
16:27:57,63.25,0.143
16:27:58,63.31,0.143
16:27:58,63.38,0.143
16:27:59,63.50,0.140
16:27:59,63.56,0.141
16:28:00,63.63,0.142
16:28:00,63.75,0.144
16:28:01,63.88,0.142
16:28:01,63.94,0.145
16:28:02,64.00,0.145
16:28:02,64.12,0.146
16:28:03,64.19,0.146
16:28:03,64.25,0.147
16:28:04,64.37,0.143
16:28:04,64.44,0.146
16:28:05,64.50,0.147
16:28:05,64.62,0.144
16:28:06,64.69,0.148
16:28:06,64.69,0.145
16:28:07,64.87,0.147
16:28:07,64.94,0.142
16:28:08,65.00,0.146
16:28:08,65.06,0.147
16:28:09,65.12,0.146
16:28:09,65.19,0.147
16:28:10,65.31,0.146
16:28:10,65.37,0.144
16:28:11,65.50,0.147
16:28:11,65.56,0.149
16:28:12,65.62,0.149
16:28:12,65.75,0.150
16:28:12,65.81,0.149
16:28:13,65.94,0.150
16:28:13,66.00,0.146
16:28:14,66.06,0.147
16:28:14,66.19,0.147
16:28:15,66.25,0.147
16:28:15,66.37,0.151
16:28:16,66.44,0.148
16:28:16,66.50,0.146
16:28:17,66.62,0.146
16:28:17,66.69,0.146
16:28:18,66.75,0.151
16:28:18,66.81,0.146
16:28:19,66.94,0.150
16:28:19,67.00,0.150
16:28:20,67.06,0.151
16:28:20,67.19,0.152
16:28:21,67.25,0.146
16:28:21,67.31,0.150
16:28:22,67.37,0.151
16:28:22,67.44,0.152
16:28:23,67.56,0.149
16:28:23,67.62,0.150
16:28:24,67.75,0.152
16:28:24,67.81,0.151
16:28:25,67.87,0.150
16:28:25,68.00,0.150
16:28:26,68.06,0.149
16:28:26,68.12,0.152
16:28:27,68.25,0.152
16:28:27,68.31,0.150
16:28:28,68.37,0.152
16:28:28,68.44,0.154
16:28:29,68.56,0.152
16:28:29,68.62,0.152
16:28:30,68.69,0.150
16:28:30,68.81,0.152
16:28:31,68.87,0.154
16:28:31,68.94,0.152
16:28:32,69.06,0.153
16:28:32,69.12,0.153
16:28:33,69.25,0.155
16:28:33,69.31,0.152
16:28:34,69.44,0.153
16:28:34,69.44,0.151
16:28:35,69.56,0.152
16:28:35,69.62,0.156
16:28:36,69.69,0.151
16:28:36,69.81,0.152
16:28:37,69.94,0.153
16:28:37,70.00,0.154
16:28:38,70.12,0.156
16:28:38,70.19,0.155
16:28:39,70.25,0.155
16:28:39,70.31,0.156
16:28:39,70.44,0.155
16:28:40,70.50,0.152
16:28:40,70.56,0.156
16:28:41,70.69,0.156
16:28:41,70.75,0.156
16:28:42,70.81,0.158
16:28:42,70.87,0.157
16:28:43,71.00,0.153
16:28:43,71.06,0.159
16:28:44,71.12,0.154
16:28:44,71.19,0.158
16:28:45,71.25,0.156
16:28:45,71.37,0.158
16:28:46,71.44,0.155
16:28:46,71.50,0.155
16:28:47,71.56,0.160
16:28:47,71.62,0.157
16:28:48,71.75,0.160
16:28:48,71.81,0.160
16:28:49,71.87,0.159
16:28:49,71.94,0.159
16:28:50,72.00,0.162
16:28:50,72.06,0.163
16:28:51,72.19,0.158
16:28:51,72.19,0.159
16:28:52,72.25,0.161
16:28:52,72.31,0.163
16:28:53,72.44,0.162
16:28:53,72.50,0.160
16:28:54,72.56,0.160
16:28:54,72.62,0.162
16:28:55,72.69,0.161
16:28:55,72.81,0.161
16:28:56,72.87,0.165
16:28:56,72.94,0.161
16:28:57,73.06,0.162
16:28:57,73.12,0.163
16:28:58,73.19,0.166
16:28:58,73.25,0.166
16:28:59,73.37,0.163
16:28:59,73.44,0.161
16:29:00,73.50,0.163
16:29:00,73.62,0.162
16:29:01,73.69,0.164
16:29:01,73.81,0.163
16:29:02,73.87,0.168
16:29:02,74.00,0.161
16:29:03,74.06,0.165
16:29:03,74.19,0.164
16:29:04,74.25,0.164
16:29:04,74.37,0.166
16:29:05,74.44,0.165
16:29:05,74.50,0.165
16:29:06,74.62,0.166
16:29:06,74.69,0.167
16:29:07,74.81,0.168
16:29:07,74.87,0.165
16:29:08,75.00,0.167
16:29:08,75.06,0.168
16:29:09,75.12,0.165
16:29:09,75.25,0.169
16:29:10,75.31,0.165
16:29:10,75.44,0.169
16:29:11,75.50,0.169
16:29:11,75.56,0.167
16:29:12,75.62,0.170
16:29:12,75.75,0.169
16:29:13,75.81,0.169
16:29:13,75.94,0.168
16:29:14,76.00,0.168
16:29:14,76.12,0.166
16:29:14,76.19,0.170
16:29:15,76.25,0.168
16:29:15,76.37,0.170
16:29:16,76.44,0.169
16:29:16,76.56,0.169
16:29:17,76.62,0.169
16:29:17,76.69,0.170
16:29:18,76.81,0.172
16:29:18,76.87,0.172
16:29:19,76.94,0.172
16:29:19,77.06,0.171
16:29:20,77.12,0.174
16:29:20,77.19,0.172
16:29:21,77.31,0.174
16:29:21,77.37,0.172
16:29:22,77.50,0.173
16:29:22,77.56,0.175
16:29:23,77.62,0.176
16:29:23,77.69,0.172
16:29:24,77.75,0.178
16:29:24,77.87,0.175
16:29:25,77.87,0.178
16:29:25,78.00,0.177
16:29:26,78.06,0.173
16:29:26,78.12,0.176
16:29:27,78.19,0.176
16:29:27,78.25,0.176
16:29:28,78.37,0.175
16:29:28,78.44,0.177
16:29:29,78.50,0.176
16:29:29,78.62,0.177
16:29:30,78.62,0.178
16:29:30,78.75,0.178
16:29:31,78.81,0.178
16:29:31,78.87,0.178
16:29:32,79.00,0.177
16:29:32,79.06,0.175
16:29:33,79.12,0.178
16:29:33,79.19,0.181
16:29:34,79.25,0.181
16:29:34,79.31,0.178
16:29:35,79.37,0.180
16:29:35,79.37,0.183
16:29:36,79.50,0.179
16:29:36,79.56,0.178
16:29:37,79.69,0.179
16:29:37,79.69,0.179
16:29:38,79.81,0.182
16:29:38,79.94,0.184
16:29:39,80.00,0.181
16:29:39,80.06,0.180
16:29:40,80.19,0.181
16:29:40,80.25,0.183
16:29:41,80.31,0.183
16:29:41,80.44,0.182
16:29:42,80.56,0.186
16:29:42,80.62,0.184
16:29:43,80.69,0.181
16:29:43,80.81,0.183
16:29:44,80.87,0.183
16:29:44,81.00,0.184
16:29:45,81.06,0.181
16:29:45,81.19,0.184
16:29:46,81.25,0.183
16:29:46,81.31,0.185
16:29:47,81.37,0.190
16:29:47,81.50,0.188
16:29:48,81.56,0.189
16:29:48,81.62,0.186
16:29:49,81.81,0.185
16:29:49,81.87,0.187
16:29:50,81.94,0.187
16:29:50,82.00,0.188
16:29:51,82.06,0.188
16:29:51,82.19,0.189
16:29:52,82.25,0.189
16:29:52,82.31,0.191
16:29:53,82.44,0.189
16:29:53,82.50,0.190
16:29:54,82.56,0.191
16:29:54,82.69,0.192
16:29:55,82.75,0.192
16:29:55,82.81,0.188
16:29:56,82.94,0.192
16:29:56,83.00,0.192
16:29:57,83.12,0.192
16:29:57,83.19,0.195
16:29:58,83.31,0.191
16:29:58,83.37,0.194
16:29:59,83.44,0.191
16:29:59,83.56,0.194
16:30:00,83.69,0.194
16:30:00,83.75,0.193
16:30:01,83.81,0.194
16:30:01,83.94,0.195
16:30:02,84.00,0.196
16:30:02,84.06,0.192
16:30:03,84.19,0.194
16:30:03,84.25,0.196
16:30:04,84.37,0.194
16:30:04,84.50,0.195
16:30:05,84.56,0.196
16:30:05,84.62,0.195
16:30:06,84.75,0.196
16:30:06,84.81,0.195
16:30:07,84.87,0.194
16:30:07,85.00,0.198
16:30:08,85.12,0.199
16:30:08,85.19,0.197
16:30:09,85.31,0.199
16:30:09,85.44,0.197
16:30:10,85.56,0.196
16:30:10,85.69,0.196
16:30:11,85.81,0.196
16:30:11,85.94,0.199
16:30:12,86.12,0.200
16:30:12,86.31,0.200
16:30:12,86.44,0.199
16:30:13,86.56,0.201
16:30:13,86.69,0.199
16:30:14,86.81,0.196
16:30:14,86.94,0.198
16:30:15,87.12,0.200
16:30:15,87.19,0.201
16:30:16,87.31,0.201
16:30:16,87.50,0.202
16:30:17,87.62,0.203
16:30:17,87.69,0.202
16:30:18,87.81,0.201
16:30:18,88.00,0.201
16:30:19,88.06,0.203
16:30:19,88.19,0.203
16:30:20,88.25,0.205
16:30:20,88.37,0.202
16:30:21,88.50,0.202
16:30:21,88.56,0.203
16:30:22,88.69,0.202
16:30:22,88.75,0.203
16:30:23,88.87,0.204
16:30:23,88.94,0.204
16:30:24,89.06,0.202
16:30:24,89.19,0.201
16:30:25,89.25,0.205
16:30:25,89.37,0.201
16:30:26,89.50,0.201
16:30:26,89.56,0.206
16:30:27,89.69,0.200
16:30:27,89.81,0.205
16:30:28,89.94,0.203
16:30:28,90.06,0.196
16:30:29,90.19,0.196
16:30:29,90.31,0.193
16:30:30,90.44,0.191
16:30:30,90.56,0.190
16:30:31,90.69,0.191
16:30:31,90.81,0.187
16:30:32,91.00,0.182
16:30:32,91.12,0.182
16:30:33,91.31,0.180
16:30:33,91.44,0.179
16:30:34,91.56,0.180
16:30:34,91.75,0.176
16:30:35,91.87,0.177
16:30:35,92.06,0.174
16:30:36,92.19,0.173
16:30:36,92.31,0.171
16:30:37,92.50,0.167
16:30:37,92.62,0.169
16:30:38,92.75,0.168
16:30:38,92.87,0.163
16:30:39,93.00,0.165
16:30:39,93.12,0.166
16:30:40,93.25,0.163
16:30:40,93.37,0.162
16:30:41,93.44,0.160
16:30:41,93.56,0.161
16:30:42,93.69,0.163
16:30:42,93.69,0.163
16:30:43,93.75,0.164
16:30:43,93.81,0.167
16:30:44,93.87,0.163
16:30:45,93.94,0.168
16:30:45,94.00,0.167
16:30:46,94.06,0.165
16:30:46,94.06,0.166
16:30:47,94.12,0.166
16:30:47,94.12,0.168
16:30:48,94.12,0.169
16:30:48,94.19,0.168
16:30:49,94.19,0.170
16:30:49,94.25,0.168
16:30:50,94.31,0.169
16:30:50,94.31,0.171
16:30:51,94.37,0.169
16:30:51,94.37,0.167
16:30:52,94.44,0.172
16:30:52,94.50,0.173
16:30:53,94.50,0.173
16:30:53,94.56,0.173
16:30:54,94.56,0.171
16:30:54,94.62,0.177
16:30:55,94.62,0.169
16:30:55,94.69,0.173
16:30:56,94.75,0.174
16:30:56,94.75,0.177
16:30:57,94.81,0.176
16:30:57,94.87,0.173
16:30:58,94.87,0.173
16:30:58,94.94,0.174
16:30:59,95.00,0.176
16:30:59,95.06,0.177
16:31:00,95.12,0.176
16:31:00,95.12,0.178
16:31:01,95.19,0.173
16:31:01,95.25,0.177
16:31:02,95.31,0.180
16:31:02,95.31,0.178
16:31:03,95.37,0.176
16:31:03,95.44,0.180
16:31:04,95.44,0.182
16:31:04,95.50,0.181
16:31:05,95.56,0.179
16:31:05,95.56,0.179
16:31:06,95.62,0.180
16:31:06,95.69,0.181
16:31:07,95.75,0.179
16:31:07,95.81,0.182
16:31:08,95.87,0.182
16:31:08,95.94,0.183
16:31:09,95.94,0.186
16:31:09,96.00,0.185
16:31:10,96.06,0.185
16:31:10,96.12,0.184
16:31:11,96.19,0.184
16:31:11,96.25,0.185
16:31:12,96.31,0.188
16:31:12,96.37,0.186
16:31:13,96.44,0.185
16:31:13,96.50,0.186
16:31:14,96.56,0.183
16:31:14,96.62,0.186
16:31:15,96.69,0.185
16:31:15,96.75,0.187
16:31:16,96.81,0.187
16:31:16,96.81,0.189
16:31:17,96.87,0.188
16:31:17,96.87,0.188
16:31:18,96.94,0.189
16:31:18,97.00,0.190
16:31:19,97.06,0.190
16:31:19,97.06,0.189
16:31:20,97.12,0.194
16:31:20,97.12,0.193
16:31:21,97.19,0.192
16:31:21,97.25,0.191
16:31:22,97.31,0.191
16:31:22,97.37,0.193
16:31:23,97.44,0.192
16:31:23,97.50,0.192
16:31:24,97.50,0.194
16:31:24,97.56,0.193
16:31:25,97.62,0.192
16:31:25,97.69,0.194
16:31:26,97.69,0.196
16:31:26,97.75,0.194
16:31:27,97.81,0.192
16:31:27,97.87,0.195
16:31:28,97.87,0.196
16:31:28,97.94,0.195
16:31:29,98.00,0.199
16:31:29,98.06,0.196
16:31:30,98.12,0.198
16:31:30,98.19,0.196
16:31:31,98.25,0.198
16:31:31,98.31,0.201
16:31:32,98.37,0.198
16:31:32,98.37,0.199
16:31:33,98.44,0.198
16:31:33,98.50,0.200
16:31:34,98.56,0.201
16:31:34,98.62,0.200
16:31:35,98.62,0.200
16:31:35,98.69,0.200
16:31:36,98.75,0.201
16:31:36,98.81,0.204
16:31:37,98.81,0.201
16:31:37,98.94,0.205
16:31:38,98.94,0.200
16:31:38,99.00,0.202
16:31:39,99.06,0.206
16:31:39,99.12,0.204
16:31:40,99.19,0.200
16:31:40,99.19,0.206
16:31:41,99.19,0.204
16:31:41,99.31,0.203
16:31:42,99.31,0.204
16:31:42,99.37,0.202
16:31:43,99.44,0.206
16:31:43,99.44,0.198
16:31:44,99.50,0.196
16:31:44,99.56,0.195
16:31:45,99.62,0.196
16:31:45,99.69,0.191
16:31:46,99.69,0.195
16:31:46,99.75,0.190
16:31:47,99.81,0.187
16:31:47,99.81,0.186
16:31:48,99.87,0.186
16:31:48,99.87,0.182
16:31:49,99.87,0.186
16:31:49,99.94,0.182
16:31:50,99.94,0.184
16:31:50,99.94,0.180
16:31:51,99.94,0.175
16:31:51,99.94,0.177
16:31:52,99.94,0.175
16:31:52,99.94,0.176
16:31:53,99.87,0.173
16:31:53,99.87,0.173
16:31:54,99.81,0.169
16:31:54,99.81,0.169
16:31:55,99.75,0.165
16:31:55,99.69,0.164
16:31:56,99.62,0.166
16:31:56,99.56,0.163
16:31:57,99.50,0.165
16:31:57,99.44,0.163
16:31:58,99.37,0.170
16:31:58,99.31,0.166
16:31:59,99.25,0.166
16:31:59,99.12,0.167
16:32:00,99.06,0.167
16:32:01,98.94,0.168
16:32:01,98.87,0.170
16:32:02,98.75,0.170
16:32:02,98.69,0.170
16:32:03,98.62,0.168
16:32:03,98.56,0.171
16:32:04,98.44,0.171
16:32:04,98.37,0.168
16:32:05,98.31,0.170
16:32:05,98.25,0.170
16:32:06,98.19,0.173
16:32:06,98.12,0.173
16:32:07,98.12,0.176
16:32:07,98.06,0.174
16:32:08,98.00,0.173
16:32:08,98.00,0.174
16:32:09,97.94,0.176
16:32:09,97.94,0.180
16:32:10,97.87,0.173
16:32:10,97.87,0.176
16:32:11,97.81,0.174
16:32:11,97.81,0.175
16:32:12,97.81,0.175
16:32:12,97.75,0.176
16:32:13,97.75,0.175
16:32:13,97.75,0.175
16:32:14,97.69,0.178
16:32:14,97.69,0.178
16:32:15,97.69,0.180
16:32:15,97.69,0.180
16:32:16,97.69,0.180
16:32:16,97.69,0.179
16:32:17,97.69,0.179
16:32:17,97.69,0.180
16:32:18,97.69,0.181
16:32:18,97.75,0.181
16:32:19,97.75,0.185
16:32:19,97.75,0.185
16:32:20,97.69,0.181
16:32:20,97.69,0.181
16:32:21,97.75,0.182
16:32:21,97.75,0.184
16:32:22,97.75,0.182
16:32:22,97.75,0.183
16:32:23,97.75,0.181
16:32:23,97.81,0.188
16:32:24,97.81,0.187
16:32:24,97.81,0.182
16:32:25,97.87,0.188
16:32:25,97.87,0.184
16:32:26,97.87,0.185
16:32:26,97.94,0.188
16:32:27,97.94,0.185
16:32:27,98.00,0.185
16:32:28,98.00,0.188
16:32:28,98.00,0.184
16:32:29,98.06,0.190
16:32:29,98.12,0.186
16:32:30,98.19,0.188
16:32:30,98.19,0.191
16:32:31,98.19,0.190
16:32:31,98.25,0.189
16:32:32,98.25,0.189
16:32:32,98.31,0.188
16:32:33,98.31,0.190
16:32:33,98.31,0.194
16:32:34,98.44,0.193
16:32:34,98.44,0.189
16:32:35,98.50,0.194
16:32:35,98.50,0.194
16:32:36,98.56,0.193
16:32:36,98.56,0.195
16:32:37,98.62,0.194
16:32:37,98.69,0.196
16:32:38,98.75,0.193
16:32:38,98.75,0.195
16:32:39,98.75,0.195
16:32:39,98.81,0.194
16:32:40,98.81,0.193
16:32:40,98.87,0.193
16:32:41,98.87,0.196
16:32:41,98.94,0.199
16:32:42,98.94,0.196
16:32:42,99.00,0.196
16:32:43,99.00,0.199
16:32:43,99.06,0.198
16:32:44,99.12,0.198
16:32:44,99.12,0.199
16:32:45,99.12,0.198
16:32:45,99.19,0.198
16:32:46,99.25,0.200
16:32:46,99.31,0.202
16:32:47,99.31,0.203
16:32:47,99.31,0.199
16:32:48,99.37,0.198
16:32:48,99.44,0.201
16:32:49,99.50,0.201
16:32:49,99.50,0.203
16:32:50,99.56,0.200
16:32:50,99.56,0.205
16:32:51,99.62,0.202
16:32:51,99.62,0.204
16:32:52,99.69,0.206
16:32:52,99.69,0.206
16:32:53,99.75,0.202
16:32:53,99.81,0.203
16:32:54,99.81,0.207
16:32:54,99.87,0.208
16:32:55,99.87,0.201
16:32:55,99.94,0.204
16:32:56,100.00,0.204
16:32:56,100.00,0.206
16:32:57,100.00,0.199
16:32:57,100.06,0.198
16:32:58,100.12,0.199
16:32:58,100.19,0.193
16:32:59,100.19,0.191
16:32:59,100.19,0.194
16:33:00,100.25,0.190
16:33:00,100.31,0.190
16:33:01,100.31,0.187
16:33:01,100.31,0.185
16:33:02,100.37,0.186
16:33:03,100.37,0.182
16:33:03,100.31,0.182
16:33:04,100.37,0.182
16:33:04,100.31,0.175
16:33:05,100.31,0.177
16:33:05,100.31,0.181
16:33:06,100.25,0.174
16:33:06,100.25,0.173
16:33:07,100.19,0.172
16:33:07,100.19,0.168
16:33:08,100.12,0.170
16:33:08,100.06,0.167
16:33:09,100.00,0.164
16:33:09,99.94,0.163
16:33:10,99.94,0.168
16:33:10,99.81,0.163
16:33:11,99.75,0.165
16:33:11,99.69,0.168
16:33:12,99.62,0.166
16:33:12,99.56,0.168
16:33:13,99.44,0.168
16:33:13,99.37,0.171
16:33:14,99.25,0.171
16:33:14,99.19,0.168
16:33:15,99.12,0.169
16:33:15,99.00,0.169
16:33:16,98.94,0.171
16:33:16,98.87,0.172
16:33:17,98.81,0.171
16:33:17,98.69,0.173
16:33:18,98.69,0.171
16:33:18,98.62,0.174
16:33:19,98.56,0.174
16:33:19,98.50,0.174
16:33:20,98.44,0.173
16:33:20,98.37,0.175
16:33:21,98.31,0.174
16:33:21,98.31,0.174
16:33:22,98.25,0.176
16:33:22,98.19,0.176
16:33:23,98.19,0.177
16:33:23,98.12,0.176
16:33:24,98.06,0.177
16:33:24,98.06,0.176
16:33:25,98.00,0.177
16:33:25,98.00,0.180
16:33:26,98.00,0.176
16:33:26,98.00,0.178
16:33:27,97.94,0.178
16:33:27,97.94,0.177
16:33:28,97.94,0.181
16:33:28,97.94,0.180
16:33:29,97.94,0.182
16:33:29,97.94,0.182
16:33:30,97.94,0.179
16:33:30,97.94,0.182
16:33:31,97.94,0.181
16:33:31,97.94,0.178
16:33:32,97.94,0.182
16:33:32,98.00,0.181
16:33:33,98.00,0.178
16:33:33,98.00,0.180
16:33:34,98.00,0.179
16:33:34,98.06,0.181
16:33:35,98.06,0.181
16:33:35,98.06,0.183
16:33:36,98.06,0.186
16:33:36,98.12,0.187
16:33:37,98.12,0.185
16:33:37,98.12,0.184
16:33:38,98.19,0.190
16:33:38,98.19,0.187
16:33:39,98.19,0.187
16:33:39,98.25,0.190
16:33:40,98.25,0.188
16:33:40,98.25,0.186
16:33:41,98.25,0.189
16:33:41,98.31,0.188
16:33:42,98.37,0.190
16:33:42,98.44,0.191
16:33:43,98.44,0.190
16:33:43,98.44,0.189
16:33:44,98.50,0.194
16:33:44,98.56,0.189
16:33:45,98.56,0.189
16:33:45,98.56,0.191
16:33:46,98.62,0.194
16:33:46,98.69,0.195
16:33:47,98.69,0.190
16:33:47,98.75,0.191
16:33:48,98.75,0.191
16:33:48,98.81,0.194
16:33:49,98.81,0.191
16:33:49,98.87,0.192
16:33:50,98.87,0.193
16:33:50,98.94,0.196
16:33:51,99.00,0.197
16:33:51,99.06,0.194
16:33:52,99.06,0.196
16:33:52,99.06,0.196
16:33:53,99.12,0.199
16:33:53,99.12,0.199
16:33:54,99.19,0.196
16:33:54,99.19,0.198
16:33:55,99.25,0.197
16:33:55,99.25,0.199
16:33:56,99.31,0.199
16:33:56,99.31,0.201
16:33:57,99.37,0.199
16:33:57,99.37,0.199
16:33:58,99.44,0.201
16:33:58,99.44,0.198
16:33:59,99.50,0.201
16:33:59,99.50,0.201
16:34:00,99.56,0.202
16:34:00,99.56,0.205
16:34:01,99.62,0.202
16:34:01,99.69,0.207
16:34:02,99.69,0.200
16:34:02,99.69,0.203
16:34:03,99.75,0.203
16:34:03,99.81,0.201
16:34:04,99.81,0.204
16:34:04,99.87,0.205
16:34:05,99.87,0.206
16:34:06,99.94,0.203
16:34:06,100.00,0.204
16:34:07,100.00,0.204
16:34:07,100.06,0.203
16:34:08,100.06,0.205
16:34:08,100.12,0.207
16:34:09,100.12,0.205
16:34:09,100.19,0.202
16:34:10,100.19,0.201
16:34:10,100.25,0.197
16:34:11,100.25,0.197
16:34:11,100.31,0.196
16:34:12,100.37,0.197
16:34:12,100.37,0.194
16:34:13,100.44,0.189
16:34:13,100.44,0.191
16:34:14,100.44,0.191
16:34:14,100.50,0.190
16:34:15,100.44,0.186
16:34:15,100.50,0.186
16:34:16,100.50,0.182
16:34:16,100.50,0.183
16:34:17,100.50,0.179
16:34:17,100.50,0.180
16:34:18,100.50,0.178
16:34:18,100.50,0.175
16:34:19,100.44,0.175
16:34:19,100.37,0.172
16:34:20,100.37,0.173
16:34:20,100.25,0.170
16:34:21,100.25,0.170
16:34:21,100.19,0.169
16:34:22,100.19,0.169
16:34:22,100.06,0.166
16:34:23,100.00,0.165
16:34:23,99.94,0.167
16:34:24,99.87,0.169
16:34:24,99.81,0.167
16:34:25,99.69,0.169
16:34:25,99.62,0.171
16:34:26,99.56,0.170
16:34:26,99.50,0.167
16:34:27,99.37,0.172
16:34:27,99.31,0.171
16:34:28,99.25,0.174
16:34:28,99.12,0.170
16:34:29,99.06,0.176
16:34:29,99.00,0.170
16:34:30,98.94,0.169
16:34:30,98.81,0.172
16:34:31,98.81,0.175
16:34:31,98.69,0.175
16:34:32,98.62,0.175
16:34:32,98.56,0.174
16:34:33,98.50,0.172
16:34:33,98.50,0.175
16:34:34,98.37,0.175
16:34:34,98.37,0.178
16:34:35,98.31,0.178
16:34:35,98.25,0.177
16:34:36,98.25,0.178
16:34:36,98.19,0.175
16:34:37,98.19,0.177
16:34:37,98.12,0.179
16:34:38,98.12,0.178
16:34:38,98.06,0.178
16:34:39,98.06,0.181
16:34:39,98.06,0.176
16:34:40,98.06,0.181
16:34:40,98.00,0.181
16:34:41,98.00,0.179
16:34:41,98.00,0.182
16:34:42,98.00,0.179
16:34:42,98.00,0.179
16:34:43,98.00,0.184
16:34:43,98.00,0.182
16:34:44,98.00,0.182
16:34:44,98.00,0.184
16:34:45,98.00,0.185
16:34:45,98.06,0.183
16:34:46,98.06,0.184
16:34:46,98.06,0.186
16:34:47,98.06,0.185
16:34:47,98.12,0.185
16:34:48,98.12,0.190
16:34:48,98.12,0.185
16:34:49,98.12,0.185
16:34:49,98.19,0.188
16:34:50,98.19,0.187
16:34:50,98.25,0.187
16:34:51,98.25,0.188
16:34:51,98.31,0.190
16:34:52,98.31,0.189
16:34:52,98.31,0.193
16:34:53,98.37,0.190
16:34:53,98.37,0.188
16:34:54,98.37,0.190
16:34:54,98.44,0.190
16:34:55,98.44,0.189
16:34:55,98.50,0.188
16:34:56,98.50,0.192
16:34:56,98.56,0.195
16:34:57,98.56,0.191
16:34:57,98.62,0.192
16:34:58,98.69,0.192
16:34:58,98.69,0.194
16:34:59,98.69,0.195
16:34:59,98.75,0.196
16:35:00,98.75,0.194
16:35:00,98.81,0.191
16:35:01,98.87,0.195
16:35:01,98.87,0.194
16:35:02,98.94,0.198
16:35:02,98.94,0.195
16:35:03,99.00,0.195
16:35:03,99.00,0.196
16:35:04,99.06,0.196
16:35:04,99.12,0.197
16:35:05,99.12,0.196
16:35:06,99.19,0.199
16:35:06,99.19,0.198
16:35:07,99.25,0.198
16:35:07,99.31,0.199
16:35:08,99.31,0.197
16:35:08,99.37,0.201
16:35:09,99.44,0.196
16:35:09,99.50,0.200
16:35:10,99.50,0.203
16:35:10,99.56,0.203
16:35:11,99.56,0.204
16:35:11,99.62,0.201
16:35:12,99.69,0.201
16:35:12,99.69,0.200
16:35:13,99.75,0.203
16:35:13,99.81,0.205
16:35:14,99.81,0.204
16:35:14,99.87,0.202
16:35:15,99.87,0.207
16:35:15,99.94,0.202
16:35:16,100.00,0.204
16:35:16,100.00,0.203
16:35:17,100.06,0.205
16:35:17,100.06,0.204
16:35:18,100.12,0.205
16:35:18,100.12,0.207
16:35:19,100.12,0.205
16:35:19,100.19,0.207
16:35:20,100.25,0.206
16:35:20,100.25,0.205
16:35:21,100.31,0.201
16:35:21,100.31,0.196
16:35:22,100.37,0.196
16:35:22,100.44,0.196
16:35:23,100.50,0.195
16:35:23,100.50,0.194
16:35:24,100.56,0.196
16:35:24,100.56,0.188
16:35:25,100.56,0.190
16:35:25,100.62,0.188
16:35:26,100.62,0.188
16:35:26,100.62,0.184
16:35:27,100.62,0.179
16:35:27,100.62,0.183
16:35:28,100.62,0.182
16:35:28,100.62,0.177
16:35:29,100.62,0.178
16:35:29,100.56,0.176
16:35:30,100.56,0.176
16:35:30,100.50,0.176
16:35:31,100.50,0.171
16:35:31,100.44,0.169
16:35:32,100.37,0.172
16:35:32,100.31,0.174
16:35:33,100.31,0.169
16:35:33,100.19,0.166
16:35:34,100.12,0.167
16:35:34,100.06,0.171
16:35:35,100.00,0.172
16:35:35,99.94,0.171
16:35:36,99.87,0.172
16:35:36,99.81,0.170
16:35:37,99.69,0.172
16:35:37,99.56,0.176
16:35:38,99.50,0.176
16:35:38,99.44,0.172
16:35:39,99.37,0.173
16:35:39,99.25,0.172
16:35:40,99.19,0.178
16:35:40,99.12,0.173
16:35:41,99.06,0.177
16:35:41,99.00,0.176
16:35:42,98.94,0.173
16:35:42,98.81,0.177
16:35:43,98.81,0.177
16:35:43,98.69,0.175
16:35:44,98.69,0.174
16:35:44,98.56,0.178
16:35:45,98.56,0.180
16:35:45,98.50,0.178
16:35:46,98.50,0.177
16:35:46,98.44,0.176
16:35:47,98.44,0.181
16:35:47,98.37,0.178
16:35:48,98.37,0.181
16:35:48,98.31,0.179
16:35:49,98.31,0.176
16:35:49,98.31,0.180
16:35:50,98.25,0.178
16:35:50,98.25,0.180
16:35:51,98.25,0.184
16:35:51,98.25,0.183
16:35:52,98.25,0.183
16:35:52,98.19,0.181
16:35:53,98.25,0.182
16:35:53,98.25,0.186
16:35:54,98.25,0.184
16:35:54,98.25,0.186
16:35:55,98.25,0.188
16:35:55,98.25,0.184
16:35:56,98.25,0.185
16:35:56,98.25,0.191
16:35:57,98.31,0.187
16:35:57,98.31,0.185
16:35:58,98.31,0.188
16:35:58,98.31,0.191
16:35:59,98.31,0.187
16:35:59,98.37,0.189
16:36:00,98.37,0.187
16:36:00,98.37,0.189
16:36:01,98.37,0.189
16:36:01,98.44,0.190
16:36:02,98.44,0.192
16:36:02,98.44,0.194
16:36:03,98.50,0.191
16:36:03,98.50,0.192
16:36:04,98.50,0.189
16:36:05,98.56,0.192
16:36:05,98.56,0.195
16:36:06,98.56,0.194
16:36:06,98.62,0.192
16:36:07,98.62,0.192
16:36:07,98.62,0.196
16:36:08,98.69,0.194
16:36:08,98.69,0.196
16:36:09,98.75,0.195
16:36:09,98.75,0.192
16:36:10,98.75,0.196
16:36:10,98.81,0.196
16:36:11,98.81,0.193
16:36:11,98.87,0.193
16:36:12,98.94,0.195
16:36:12,98.94,0.195
16:36:13,99.00,0.195
16:36:13,99.00,0.199
16:36:14,99.06,0.197
16:36:14,99.06,0.199
16:36:15,99.12,0.199
16:36:15,99.12,0.198
16:36:16,99.19,0.199
16:36:16,99.19,0.198
16:36:17,99.25,0.201
16:36:17,99.31,0.201
16:36:18,99.31,0.200
16:36:18,99.31,0.203
16:36:19,99.37,0.203
16:36:19,99.37,0.204
16:36:20,99.44,0.202
16:36:20,99.44,0.206
16:36:21,99.50,0.204
16:36:21,99.50,0.203
16:36:22,99.56,0.201
16:36:22,99.56,0.207
16:36:23,99.62,0.205
16:36:23,99.69,0.206
16:36:24,99.69,0.209
16:36:24,99.75,0.207
16:36:25,99.81,0.211
16:36:25,99.81,0.209
16:36:26,99.87,0.209
16:36:26,99.87,0.209
16:36:27,99.94,0.209
16:36:27,100.00,0.208
16:36:28,100.00,0.208
16:36:28,100.06,0.209
16:36:29,100.06,0.207
16:36:29,100.12,0.209
16:36:30,100.19,0.209
16:36:30,100.19,0.210
16:36:31,100.19,0.200
16:36:31,100.25,0.200
16:36:32,100.25,0.197
16:36:32,100.31,0.196
16:36:33,100.37,0.195
16:36:33,100.44,0.193
16:36:34,100.44,0.194
16:36:34,100.50,0.191
16:36:35,100.50,0.189
16:36:35,100.50,0.186
16:36:36,100.50,0.187
16:36:36,100.56,0.186
16:36:37,100.56,0.183
16:36:37,100.50,0.180
16:36:38,100.56,0.179
16:36:38,100.50,0.180
16:36:39,100.50,0.176
16:36:39,100.50,0.176
16:36:40,100.50,0.175
16:36:40,100.44,0.177
16:36:41,100.37,0.173
16:36:41,100.37,0.174
16:36:42,100.37,0.169
16:36:42,100.25,0.168
16:36:43,100.25,0.170
16:36:43,100.19,0.169
16:36:44,100.06,0.166
16:36:44,100.00,0.171
16:36:45,99.94,0.176
16:36:45,99.87,0.174
16:36:46,99.81,0.169
16:36:46,99.75,0.170
16:36:47,99.62,0.173
16:36:47,99.56,0.178
16:36:48,99.50,0.173
16:36:48,99.37,0.174
16:36:49,99.31,0.178
16:36:49,99.25,0.177
16:36:50,99.19,0.174
16:36:50,99.12,0.177
16:36:51,99.00,0.175
16:36:51,98.94,0.175
16:36:52,98.87,0.177
16:36:52,98.87,0.179
16:36:53,98.81,0.179
16:36:53,98.75,0.181
16:36:54,98.69,0.180
16:36:54,98.62,0.178
16:36:55,98.56,0.180
16:36:55,98.56,0.177
16:36:56,98.50,0.184
16:36:56,98.50,0.181
16:36:57,98.44,0.181
16:36:57,98.44,0.181
16:36:58,98.37,0.182
16:36:58,98.37,0.182
16:36:59,98.31,0.181
16:36:59,98.31,0.184
16:37:00,98.31,0.185
16:37:00,98.31,0.187
16:37:01,98.31,0.186
16:37:01,98.25,0.186
16:37:02,98.25,0.185
16:37:02,98.25,0.184
16:37:03,98.25,0.188
16:37:04,98.25,0.187
16:37:04,98.25,0.188
16:37:05,98.31,0.190
16:37:05,98.25,0.189
16:37:06,98.25,0.189
16:37:06,98.25,0.189
16:37:07,98.25,0.187
16:37:07,98.25,0.189
16:37:08,98.25,0.189
16:37:08,98.31,0.192
16:37:09,98.31,0.190
16:37:09,98.31,0.188
16:37:10,98.31,0.190
16:37:10,98.31,0.195
16:37:11,98.31,0.191
16:37:11,98.37,0.188
16:37:12,98.37,0.191
16:37:12,98.44,0.191
16:37:13,98.44,0.194
16:37:13,98.44,0.194
16:37:14,98.50,0.191
16:37:14,98.50,0.190
16:37:15,98.56,0.193
16:37:15,98.56,0.194
16:37:16,98.56,0.196
16:37:16,98.62,0.194
16:37:17,98.62,0.195
16:37:17,98.62,0.196
16:37:18,98.69,0.191
16:37:18,98.69,0.196
16:37:19,98.75,0.198
16:37:19,98.81,0.198
16:37:20,98.81,0.195
16:37:20,98.81,0.197
16:37:21,98.87,0.197
16:37:21,98.87,0.203
16:37:22,98.94,0.196
16:37:22,98.94,0.203
16:37:23,99.00,0.201
16:37:23,99.00,0.199
16:37:24,99.06,0.203
16:37:24,99.06,0.201
16:37:25,99.12,0.200
16:37:25,99.19,0.200
16:37:26,99.19,0.200
16:37:26,99.25,0.198
16:37:27,99.31,0.203
16:37:27,99.31,0.203
16:37:28,99.31,0.206
16:37:28,99.37,0.204
16:37:29,99.37,0.205
16:37:29,99.44,0.203
16:37:30,99.44,0.206
16:37:30,99.50,0.205
16:37:31,99.50,0.206
16:37:31,99.50,0.209
16:37:32,99.56,0.203
16:37:32,99.56,0.206
16:37:33,99.62,0.204
16:37:33,99.62,0.209
16:37:34,99.69,0.208
16:37:34,99.69,0.207
16:37:35,99.75,0.207
16:37:35,99.75,0.204
16:37:36,99.81,0.205
16:37:36,99.81,0.208
16:37:37,99.87,0.208
16:37:37,99.94,0.211
16:37:38,99.94,0.208
16:37:38,99.94,0.210
16:37:39,100.00,0.208
16:37:39,100.06,0.210
16:37:40,100.12,0.208
16:37:40,100.12,0.205
16:37:41,100.25,0.207
16:37:41,100.25,0.201
16:37:42,100.31,0.201
16:37:42,100.37,0.196
16:37:43,100.44,0.195
16:37:43,100.44,0.193
16:37:44,100.50,0.191
16:37:44,100.56,0.193
16:37:45,100.56,0.190
16:37:45,100.56,0.192
16:37:46,100.62,0.186
16:37:46,100.62,0.186
16:37:47,100.62,0.183
16:37:47,100.62,0.182
16:37:48,100.62,0.180
16:37:48,100.62,0.178
16:37:49,100.56,0.179
16:37:49,100.56,0.171
16:37:50,100.50,0.172
16:37:50,100.44,0.174
16:37:51,100.44,0.175
16:37:51,100.37,0.173
16:37:52,100.31,0.168
16:37:52,100.25,0.169
16:37:53,100.19,0.166
16:37:53,100.12,0.168
16:37:54,100.06,0.170
16:37:54,100.00,0.169
16:37:55,99.94,0.172
16:37:55,99.81,0.175
16:37:56,99.75,0.174
16:37:56,99.69,0.172
16:37:57,99.56,0.173
16:37:57,99.50,0.174
16:37:58,99.44,0.175
16:37:58,99.31,0.173
16:37:59,99.31,0.176
16:37:59,99.19,0.177
16:38:00,99.12,0.173
16:38:00,99.06,0.175
16:38:01,98.94,0.175
16:38:02,98.87,0.178
16:38:02,98.81,0.176
16:38:03,98.75,0.182
16:38:03,98.69,0.180
16:38:04,98.62,0.179
16:38:04,98.56,0.179
16:38:05,98.56,0.181
16:38:05,98.50,0.181
16:38:06,98.44,0.182
16:38:06,98.37,0.181
16:38:07,98.37,0.185
16:38:07,98.31,0.182
16:38:08,98.31,0.184
16:38:08,98.25,0.183
16:38:09,98.19,0.182
16:38:09,98.19,0.183
16:38:10,98.19,0.182
16:38:10,98.12,0.185
16:38:11,98.12,0.189
16:38:11,98.12,0.183
16:38:12,98.12,0.186
16:38:12,98.12,0.186
16:38:13,98.12,0.188
16:38:13,98.12,0.190
16:38:14,98.06,0.184
16:38:14,98.06,0.187
16:38:15,98.12,0.190
16:38:15,98.12,0.189
16:38:16,98.12,0.190
16:38:16,98.12,0.189
16:38:17,98.12,0.194
16:38:17,98.12,0.189
16:38:18,98.12,0.192
16:38:18,98.19,0.194
16:38:19,98.19,0.194
16:38:19,98.19,0.191
16:38:20,98.19,0.194
16:38:20,98.19,0.194
16:38:21,98.25,0.191
16:38:21,98.25,0.194
16:38:22,98.31,0.196
16:38:22,98.31,0.196
16:38:23,98.31,0.198
16:38:23,98.37,0.193
16:38:24,98.44,0.197
16:38:24,98.44,0.193
16:38:25,98.44,0.199
16:38:25,98.50,0.196
16:38:26,98.50,0.196
16:38:26,98.56,0.198
16:38:27,98.56,0.197
16:38:27,98.62,0.196
16:38:28,98.62,0.201
16:38:28,98.69,0.197
16:38:29,98.69,0.199
16:38:29,98.69,0.198
16:38:30,98.75,0.199
16:38:30,98.81,0.201
16:38:31,98.81,0.198
16:38:31,98.81,0.203
16:38:32,98.87,0.200
16:38:32,98.87,0.200
16:38:33,98.87,0.203
16:38:33,98.94,0.204
16:38:34,99.00,0.202
16:38:34,99.00,0.203
16:38:35,99.00,0.202
16:38:35,99.06,0.205
16:38:36,99.12,0.205
16:38:36,99.12,0.208
16:38:37,99.19,0.204
16:38:37,99.25,0.204
16:38:38,99.25,0.207
16:38:38,99.31,0.206
16:38:39,99.37,0.205
16:38:39,99.37,0.206
16:38:40,99.37,0.211
16:38:40,99.50,0.206
16:38:41,99.50,0.206
16:38:41,99.56,0.207
16:38:42,99.62,0.207
16:38:42,99.62,0.207
16:38:43,99.69,0.203
16:38:43,99.75,0.206
16:38:44,99.81,0.204
16:38:44,99.81,0.208
16:38:45,99.81,0.206
16:38:45,99.87,0.211
16:38:46,99.94,0.211
16:38:46,100.00,0.211
16:38:47,100.00,0.208
16:38:47,100.06,0.211
16:38:48,100.12,0.209
16:38:48,100.12,0.212
16:38:49,100.19,0.209
16:38:49,100.25,0.202
16:38:50,100.25,0.200
16:38:50,100.31,0.200
16:38:51,100.31,0.201
16:38:51,100.37,0.196
16:38:52,100.44,0.197
16:38:52,100.50,0.193
16:38:53,100.50,0.192
16:38:53,100.50,0.188
16:38:54,100.50,0.190
16:38:54,100.56,0.187
16:38:55,100.56,0.187
16:38:55,100.56,0.181
16:38:56,100.56,0.182
16:38:56,100.56,0.183
16:38:57,100.56,0.180
16:38:57,100.56,0.180
16:38:58,100.50,0.178
16:38:58,100.50,0.174
16:38:59,100.44,0.176
16:38:59,100.44,0.172
16:39:00,100.44,0.169
16:39:00,100.37,0.171
16:39:01,100.31,0.169
16:39:02,100.25,0.167
16:39:02,100.19,0.166
16:39:03,100.12,0.169
16:39:03,100.06,0.173
16:39:04,100.00,0.172
16:39:04,99.94,0.173
16:39:05,99.87,0.178
16:39:05,99.81,0.176
16:39:06,99.69,0.177
16:39:06,99.62,0.177
16:39:07,99.50,0.177
16:39:07,99.50,0.176
16:39:08,99.37,0.175
16:39:08,99.31,0.178
16:39:09,99.25,0.182
16:39:09,99.19,0.177
16:39:10,99.12,0.177
16:39:10,99.06,0.182
16:39:11,98.94,0.179
16:39:11,98.94,0.181
16:39:12,98.81,0.180
16:39:12,98.81,0.179
16:39:13,98.75,0.180
16:39:13,98.69,0.182
16:39:14,98.62,0.184
16:39:14,98.62,0.179
16:39:15,98.56,0.183
16:39:15,98.56,0.183
16:39:16,98.50,0.187
16:39:16,98.50,0.186
16:39:17,98.44,0.184
16:39:17,98.44,0.187
16:39:18,98.44,0.188
16:39:18,98.37,0.188
16:39:19,98.37,0.187
16:39:19,98.31,0.184
16:39:20,98.31,0.185
16:39:20,98.31,0.187
16:39:21,98.31,0.187
16:39:21,98.25,0.187
16:39:22,98.25,0.186
16:39:22,98.25,0.190
16:39:23,98.25,0.187
16:39:23,98.25,0.188
16:39:24,98.25,0.189
16:39:24,98.25,0.185
16:39:25,98.19,0.191
16:39:25,98.25,0.191
16:39:26,98.25,0.191
16:39:26,98.25,0.192
16:39:27,98.25,0.192
16:39:27,98.25,0.189
16:39:28,98.31,0.194
16:39:28,98.31,0.192
16:39:29,98.31,0.197
16:39:29,98.31,0.194
16:39:30,98.31,0.196
16:39:30,98.37,0.192
16:39:31,98.37,0.195
16:39:31,98.37,0.193
16:39:32,98.37,0.194
16:39:32,98.44,0.196
16:39:33,98.44,0.193
16:39:33,98.50,0.196
16:39:34,98.50,0.197
16:39:34,98.50,0.196
16:39:35,98.50,0.196
16:39:35,98.50,0.198
16:39:36,98.56,0.198
16:39:36,98.56,0.196
16:39:37,98.62,0.201
16:39:37,98.62,0.201
16:39:38,98.62,0.201
16:39:38,98.69,0.204
16:39:39,98.69,0.200
16:39:39,98.75,0.200
16:39:40,98.75,0.201
16:39:40,98.81,0.203
16:39:41,98.81,0.203
16:39:41,98.87,0.208
16:39:42,98.94,0.203
16:39:42,98.94,0.200
16:39:43,99.00,0.201
16:39:43,99.00,0.203
16:39:44,99.06,0.203
16:39:44,99.12,0.203
16:39:45,99.12,0.205
16:39:45,99.19,0.207
16:39:46,99.25,0.201
16:39:46,99.25,0.202
16:39:47,99.31,0.207
16:39:47,99.31,0.205
16:39:48,99.37,0.207
16:39:48,99.37,0.205
16:39:49,99.44,0.209
16:39:49,99.50,0.209
16:39:50,99.56,0.207
16:39:50,99.62,0.210
16:39:51,99.62,0.207
16:39:51,99.69,0.209
16:39:52,99.69,0.209
16:39:52,99.75,0.212
16:39:53,99.81,0.209
16:39:53,99.87,0.213
16:39:54,99.94,0.210
16:39:54,100.00,0.211
16:39:55,100.06,0.208
16:39:55,100.06,0.204
16:39:56,100.12,0.202
16:39:56,100.19,0.203
16:39:57,100.19,0.202
16:39:57,100.25,0.198
16:39:58,100.25,0.196
16:39:58,100.37,0.193
16:39:59,100.37,0.193
16:39:59,100.44,0.191
16:40:00,100.44,0.190
16:40:00,100.50,0.188
16:40:01,100.50,0.190
16:40:01,100.56,0.188
16:40:02,100.50,0.187
16:40:03,100.56,0.182
16:40:03,100.50,0.181
16:40:04,100.50,0.179
16:40:04,100.50,0.178
16:40:05,100.50,0.176
16:40:05,100.44,0.175
16:40:06,100.44,0.173
16:40:06,100.37,0.176
16:40:07,100.31,0.172
16:40:07,100.25,0.167
16:40:08,100.19,0.168
16:40:08,100.12,0.165
16:40:09,100.06,0.173
16:40:09,100.00,0.174
16:40:10,99.87,0.176
16:40:10,99.81,0.175
16:40:11,99.75,0.173
16:40:11,99.62,0.179
16:40:12,99.56,0.174
16:40:12,99.50,0.176
16:40:13,99.37,0.181
16:40:13,99.31,0.176
16:40:14,99.25,0.182
16:40:14,99.19,0.182
16:40:15,99.12,0.179
16:40:15,99.00,0.180
16:40:16,99.00,0.179
16:40:16,98.87,0.181
16:40:17,98.87,0.184
16:40:17,98.81,0.180
16:40:18,98.75,0.181
16:40:18,98.69,0.181
16:40:19,98.69,0.182
16:40:19,98.62,0.181
16:40:20,98.62,0.183
16:40:20,98.56,0.185
16:40:21,98.56,0.188
16:40:21,98.56,0.185
16:40:22,98.50,0.185
16:40:22,98.50,0.188
16:40:23,98.44,0.186
16:40:23,98.44,0.186
16:40:24,98.37,0.188
16:40:24,98.37,0.188
16:40:25,98.37,0.190
16:40:25,98.37,0.189
16:40:26,98.31,0.186
16:40:26,98.37,0.191
16:40:27,98.31,0.191
16:40:27,98.31,0.192
16:40:28,98.31,0.193
16:40:28,98.25,0.193
16:40:29,98.31,0.191
16:40:29,98.31,0.193
16:40:30,98.31,0.194
16:40:30,98.31,0.193
16:40:31,98.31,0.193
16:40:31,98.31,0.192
16:40:32,98.25,0.196
16:40:32,98.31,0.192
16:40:33,98.31,0.196
16:40:33,98.31,0.192
16:40:34,98.31,0.196
16:40:34,98.31,0.194
16:40:35,98.37,0.194
16:40:35,98.31,0.196
16:40:36,98.37,0.200
16:40:36,98.37,0.196
16:40:37,98.37,0.197
16:40:37,98.37,0.199
16:40:38,98.44,0.196
16:40:38,98.44,0.196
16:40:39,98.44,0.199
16:40:39,98.50,0.203
16:40:40,98.50,0.202
16:40:40,98.56,0.201
16:40:41,98.56,0.196
16:40:41,98.56,0.202
16:40:42,98.62,0.203
16:40:42,98.62,0.201
16:40:43,98.69,0.202
16:40:43,98.69,0.204
16:40:44,98.75,0.202
16:40:44,98.75,0.200
16:40:45,98.81,0.200
16:40:45,98.81,0.206
16:40:46,98.87,0.205
16:40:46,98.87,0.203
16:40:47,98.94,0.206
16:40:47,98.94,0.202
16:40:48,99.00,0.206
16:40:48,99.06,0.205
16:40:49,99.12,0.207
16:40:49,99.12,0.206
16:40:50,99.19,0.207
16:40:50,99.25,0.207
16:40:51,99.31,0.209
16:40:51,99.31,0.209
16:40:52,99.37,0.207
16:40:52,99.44,0.208
16:40:53,99.50,0.209
16:40:53,99.56,0.209
16:40:54,99.56,0.207
16:40:54,99.62,0.211
16:40:55,99.62,0.213
16:40:55,99.69,0.212
16:40:56,99.69,0.213
16:40:56,99.75,0.212
16:40:57,99.75,0.214
16:40:57,99.81,0.215
16:40:58,99.81,0.212
16:40:58,99.87,0.213
16:40:59,99.94,0.211
16:40:59,99.94,0.213
16:41:00,100.00,0.212
16:41:00,100.00,0.204
16:41:01,100.06,0.200
16:41:01,100.12,0.199
16:41:02,100.19,0.200
16:41:03,100.19,0.196
16:41:03,100.25,0.196
16:41:04,100.31,0.194
16:41:04,100.31,0.189
16:41:05,100.31,0.189
16:41:05,100.37,0.189
16:41:06,100.37,0.185
16:41:06,100.37,0.184
16:41:07,100.37,0.182
16:41:07,100.44,0.182
16:41:08,100.44,0.185
16:41:08,100.44,0.177
16:41:09,100.37,0.178
16:41:09,100.37,0.178
16:41:10,100.31,0.174
16:41:10,100.31,0.176
16:41:11,100.25,0.174
16:41:11,100.19,0.167
16:41:12,100.19,0.169
16:41:12,100.12,0.165
16:41:13,100.06,0.168
16:41:13,100.00,0.165
16:41:14,99.94,0.172
16:41:14,99.87,0.173
16:41:15,99.81,0.171
16:41:15,99.75,0.172
16:41:16,99.62,0.175
16:41:16,99.56,0.175
16:41:17,99.50,0.175
16:41:17,99.37,0.174
16:41:18,99.31,0.177
16:41:18,99.25,0.181
16:41:19,99.19,0.179
16:41:19,99.06,0.184
16:41:20,99.06,0.179
16:41:20,98.94,0.182
16:41:21,98.87,0.179
16:41:21,98.81,0.180
16:41:22,98.75,0.184
16:41:22,98.69,0.184
16:41:23,98.62,0.182
16:41:23,98.56,0.181
16:41:24,98.50,0.186
16:41:24,98.50,0.180
16:41:25,98.44,0.185
16:41:25,98.37,0.182
16:41:26,98.37,0.185
16:41:26,98.31,0.188
16:41:27,98.25,0.187
16:41:27,98.19,0.186
16:41:28,98.19,0.190
16:41:28,98.19,0.188
16:41:29,98.12,0.187
16:41:29,98.12,0.188
16:41:30,98.12,0.189
16:41:30,98.12,0.187
16:41:31,98.12,0.189
16:41:31,98.12,0.192
16:41:32,98.12,0.187
16:41:32,98.06,0.191
16:41:33,98.06,0.192
16:41:33,98.06,0.193
16:41:34,98.06,0.192
16:41:34,98.06,0.191
16:41:35,98.12,0.192
16:41:35,98.12,0.190
16:41:36,98.12,0.192
16:41:36,98.19,0.194
16:41:37,98.12,0.193
16:41:37,98.12,0.192
16:41:38,98.19,0.193
16:41:38,98.19,0.194
16:41:39,98.25,0.198
16:41:39,98.25,0.197
16:41:40,98.25,0.197
16:41:40,98.31,0.199
16:41:41,98.25,0.197
16:41:41,98.25,0.197
16:41:42,98.31,0.196
16:41:42,98.31,0.197
16:41:43,98.37,0.198
16:41:43,98.37,0.199
16:41:44,98.37,0.203
16:41:44,98.44,0.197
16:41:45,98.44,0.200
16:41:45,98.44,0.204
16:41:46,98.50,0.201
16:41:46,98.56,0.202
16:41:47,98.56,0.203
16:41:47,98.62,0.202
16:41:48,98.69,0.202
16:41:48,98.69,0.209
16:41:49,98.75,0.205
16:41:49,98.75,0.205
16:41:50,98.81,0.206
16:41:50,98.81,0.206
16:41:51,98.87,0.206
16:41:51,98.87,0.206
16:41:52,98.94,0.208
16:41:52,98.94,0.212
16:41:53,99.00,0.207
16:41:53,99.00,0.205
16:41:54,99.06,0.210
16:41:54,99.12,0.208
16:41:55,99.12,0.209
16:41:55,99.19,0.209
16:41:56,99.19,0.212
16:41:56,99.19,0.210
16:41:57,99.25,0.212
16:41:57,99.31,0.215
16:41:58,99.31,0.213
16:41:58,99.37,0.212
16:41:59,99.37,0.212
16:41:59,99.44,0.213
16:42:00,99.44,0.213
16:42:00,99.50,0.213
16:42:01,99.50,0.213
16:42:01,99.56,0.215
16:42:02,99.62,0.212
16:42:02,99.62,0.215
16:42:03,99.69,0.216
16:42:04,99.69,0.219
16:42:04,99.75,0.214
16:42:05,99.81,0.215
16:42:05,99.87,0.215
16:42:06,99.87,0.202
16:42:06,99.94,0.201
16:42:07,100.00,0.200
16:42:07,100.00,0.196
16:42:08,100.06,0.196
16:42:08,100.06,0.196
16:42:09,100.12,0.194
16:42:09,100.12,0.194
16:42:10,100.19,0.190
16:42:10,100.19,0.187
16:42:11,100.19,0.185
16:42:11,100.19,0.184
16:42:12,100.19,0.181
16:42:12,100.19,0.177
16:42:13,100.25,0.177
16:42:13,100.19,0.177
16:42:14,100.19,0.178
16:42:14,100.19,0.174
16:42:15,100.19,0.175
16:42:15,100.12,0.172
16:42:16,100.06,0.174
16:42:16,100.06,0.170
16:42:17,100.00,0.169
16:42:17,100.00,0.163
16:42:18,99.94,0.164
16:42:18,99.87,0.172
16:42:19,99.81,0.173
16:42:19,99.75,0.177
16:42:20,99.69,0.173
16:42:20,99.56,0.173
16:42:21,99.50,0.177
16:42:21,99.44,0.175
16:42:22,99.37,0.178
16:42:22,99.25,0.177
16:42:23,99.19,0.179
16:42:23,99.12,0.182
16:42:24,99.06,0.181
16:42:24,99.00,0.179
16:42:25,98.94,0.179
16:42:25,98.87,0.183
16:42:26,98.75,0.180
16:42:26,98.69,0.182
16:42:27,98.69,0.184
16:42:27,98.56,0.181
16:42:28,98.56,0.184
16:42:28,98.50,0.181
16:42:29,98.44,0.184
16:42:29,98.44,0.183
16:42:30,98.37,0.186
16:42:30,98.31,0.186
16:42:31,98.31,0.183
16:42:31,98.31,0.186
16:42:32,98.31,0.183
16:42:32,98.25,0.190
16:42:33,98.25,0.188
16:42:33,98.25,0.188
16:42:34,98.19,0.190
16:42:34,98.19,0.191
16:42:35,98.19,0.190
16:42:35,98.19,0.187
16:42:36,98.19,0.190
16:42:36,98.19,0.190
16:42:37,98.19,0.192
16:42:37,98.19,0.194
16:42:38,98.19,0.190
16:42:38,98.19,0.191
16:42:39,98.19,0.192
16:42:39,98.19,0.191
16:42:40,98.19,0.192
16:42:40,98.25,0.194
16:42:41,98.19,0.194
16:42:41,98.25,0.193
16:42:42,98.25,0.194
16:42:42,98.25,0.196
16:42:43,98.31,0.197
16:42:43,98.31,0.196
16:42:44,98.31,0.198
16:42:44,98.31,0.197
16:42:45,98.37,0.196
16:42:45,98.37,0.197
16:42:46,98.37,0.196
16:42:46,98.44,0.196
16:42:47,98.44,0.198
16:42:47,98.50,0.199
16:42:48,98.50,0.202
16:42:48,98.56,0.196
16:42:49,98.56,0.198
16:42:49,98.62,0.199
16:42:50,98.69,0.201
16:42:50,98.69,0.201
16:42:51,98.75,0.201
16:42:51,98.75,0.203
16:42:52,98.75,0.200
16:42:52,98.81,0.203
16:42:53,98.81,0.207
16:42:53,98.87,0.203
16:42:54,98.87,0.205
16:42:54,98.94,0.202
16:42:55,99.00,0.205
16:42:55,99.00,0.204
16:42:56,99.00,0.207
16:42:56,99.06,0.208
16:42:57,99.06,0.209
16:42:57,99.12,0.210
16:42:58,99.19,0.212
16:42:58,99.19,0.209
16:42:59,99.25,0.208
16:42:59,99.31,0.209
16:43:00,99.37,0.208
16:43:00,99.37,0.213
16:43:01,99.44,0.212
16:43:01,99.44,0.208
16:43:02,99.50,0.208
16:43:02,99.50,0.213
16:43:03,99.56,0.214
16:43:03,99.56,0.215
16:43:04,99.62,0.217
16:43:04,99.69,0.215
16:43:05,99.75,0.215
16:43:05,99.75,0.215
16:43:06,99.81,0.211
16:43:07,99.87,0.214
16:43:07,99.94,0.215
16:43:08,99.94,0.215
16:43:08,100.00,0.213
16:43:09,100.00,0.205
16:43:09,100.06,0.203
16:43:10,100.12,0.203
16:43:10,100.19,0.199
16:43:11,100.25,0.199
16:43:11,100.25,0.196
16:43:12,100.25,0.193
16:43:12,100.31,0.195
16:43:13,100.37,0.191
16:43:13,100.37,0.188
16:43:14,100.44,0.186
16:43:14,100.44,0.184
16:43:15,100.44,0.186
16:43:15,100.44,0.184
16:43:16,100.44,0.178
16:43:16,100.44,0.178
16:43:17,100.44,0.177
16:43:17,100.37,0.175
16:43:18,100.37,0.171
16:43:18,100.31,0.170
16:43:19,100.31,0.172
16:43:19,100.25,0.172
16:43:20,100.19,0.167
16:43:20,100.12,0.164
16:43:21,100.06,0.172
16:43:21,100.06,0.175
16:43:22,99.94,0.174
16:43:22,99.87,0.175
16:43:23,99.75,0.178
16:43:23,99.69,0.176
16:43:24,99.62,0.175
16:43:24,99.50,0.178
16:43:25,99.44,0.180
16:43:25,99.37,0.179
16:43:26,99.31,0.180
16:43:26,99.25,0.181
16:43:27,99.19,0.181
16:43:27,99.06,0.179
16:43:28,99.06,0.181
16:43:28,99.00,0.187
16:43:29,98.94,0.184
16:43:29,98.87,0.182
16:43:30,98.87,0.182
16:43:30,98.75,0.186
16:43:31,98.75,0.187
16:43:31,98.69,0.183
16:43:32,98.62,0.187
16:43:32,98.62,0.186
16:43:33,98.56,0.189
16:43:33,98.56,0.186
16:43:34,98.50,0.185
16:43:34,98.50,0.190
16:43:35,98.44,0.187
16:43:35,98.44,0.189
16:43:36,98.44,0.189
16:43:36,98.37,0.188
16:43:37,98.44,0.194
16:43:37,98.37,0.191
16:43:38,98.37,0.192
16:43:38,98.37,0.192
16:43:39,98.37,0.191
16:43:39,98.37,0.194
16:43:40,98.37,0.195
16:43:40,98.44,0.193
16:43:41,98.44,0.193
16:43:41,98.44,0.196
16:43:42,98.50,0.196
16:43:42,98.44,0.193
16:43:43,98.50,0.195
16:43:43,98.50,0.196
16:43:44,98.50,0.195
16:43:44,98.56,0.196
16:43:45,98.56,0.197
16:43:45,98.62,0.197
16:43:46,98.62,0.199
16:43:46,98.69,0.201
16:43:47,98.69,0.199
16:43:47,98.75,0.199
16:43:48,98.75,0.202
16:43:48,98.75,0.203
16:43:49,98.81,0.201
16:43:49,98.81,0.203
16:43:50,98.87,0.201
16:43:50,98.94,0.201
16:43:51,99.00,0.199
16:43:51,98.94,0.200
16:43:52,99.06,0.205
16:43:52,99.06,0.199
16:43:53,99.06,0.202
16:43:53,99.12,0.201
16:43:54,99.12,0.206
16:43:54,99.19,0.204
16:43:55,99.25,0.206
16:43:55,99.25,0.206
16:43:56,99.31,0.206
16:43:56,99.37,0.206
16:43:57,99.44,0.207
16:43:57,99.44,0.206
16:43:58,99.50,0.204
16:43:58,99.56,0.208
16:43:59,99.62,0.211
16:43:59,99.62,0.210
16:44:00,99.69,0.210
16:44:00,99.75,0.208
16:44:01,99.81,0.210
16:44:01,99.81,0.213
16:44:02,99.87,0.210
16:44:02,99.87,0.212
16:44:03,100.00,0.213
16:44:03,100.00,0.214
16:44:04,100.06,0.210
16:44:04,100.12,0.214
16:44:05,100.19,0.213
16:44:05,100.19,0.212
16:44:06,100.25,0.216
16:44:06,100.31,0.213
16:44:07,100.31,0.215
16:44:08,100.37,0.218
16:44:08,100.44,0.215
16:44:09,100.44,0.212
16:44:09,100.50,0.215
16:44:10,100.56,0.201
16:44:10,100.56,0.199
16:44:11,100.62,0.202
16:44:11,100.62,0.198
16:44:12,100.69,0.195
16:44:12,100.75,0.191
16:44:13,100.75,0.190
16:44:13,100.81,0.191
16:44:14,100.81,0.187
16:44:14,100.81,0.184
16:44:15,100.87,0.185
16:44:15,100.87,0.184
16:44:16,100.87,0.181
16:44:16,100.87,0.182
16:44:17,100.81,0.176
16:44:17,100.87,0.175
16:44:18,100.81,0.176
16:44:18,100.81,0.175
16:44:19,100.81,0.169
16:44:19,100.75,0.169
16:44:20,100.69,0.169
16:44:20,100.62,0.171
16:44:21,100.56,0.165
16:44:21,100.50,0.165
16:44:22,100.44,0.172
16:44:22,100.37,0.174
16:44:23,100.31,0.176
16:44:23,100.25,0.173
16:44:24,100.19,0.180
16:44:24,100.06,0.180
16:44:25,100.00,0.177
16:44:25,99.87,0.178
16:44:26,99.81,0.182
16:44:26,99.69,0.177
16:44:27,99.62,0.180
16:44:27,99.50,0.179
16:44:28,99.44,0.182
16:44:28,99.37,0.184
16:44:29,99.31,0.181
16:44:29,99.19,0.185
16:44:30,99.19,0.183
16:44:30,99.06,0.185
16:44:31,99.06,0.183
16:44:31,98.94,0.186
16:44:32,98.94,0.186
16:44:32,98.87,0.186
16:44:33,98.81,0.183
16:44:33,98.81,0.189
16:44:34,98.75,0.187
16:44:34,98.75,0.187
16:44:35,98.69,0.185
16:44:35,98.62,0.189
16:44:36,98.62,0.186
16:44:36,98.62,0.189
16:44:37,98.56,0.189
16:44:37,98.62,0.188
16:44:38,98.56,0.191
16:44:38,98.56,0.192
16:44:39,98.56,0.192
16:44:39,98.56,0.192
16:44:40,98.56,0.188
16:44:40,98.56,0.193
16:44:41,98.56,0.194
16:44:41,98.56,0.191
16:44:42,98.56,0.194
16:44:42,98.56,0.193
16:44:43,98.62,0.194
16:44:43,98.62,0.196
16:44:44,98.62,0.192
16:44:44,98.62,0.196
16:44:45,98.69,0.195
16:44:45,98.69,0.196
16:44:46,98.75,0.195
16:44:46,98.75,0.195
16:44:47,98.75,0.199
16:44:47,98.75,0.197
16:44:48,98.75,0.198
16:44:48,98.81,0.197
16:44:49,98.81,0.202
16:44:49,98.81,0.197
16:44:50,98.87,0.200
16:44:50,98.87,0.202
16:44:51,98.94,0.197
16:44:51,98.94,0.200
16:44:52,98.94,0.203
16:44:52,99.00,0.204
16:44:53,99.00,0.203
16:44:53,99.00,0.202
16:44:54,99.06,0.201
16:44:54,99.12,0.203
16:44:55,99.12,0.207
16:44:55,99.19,0.205
16:44:56,99.19,0.205
16:44:56,99.25,0.203
16:44:57,99.25,0.205
16:44:57,99.31,0.207
16:44:58,99.37,0.206
16:44:58,99.37,0.205
16:44:59,99.44,0.205
16:44:59,99.44,0.204
16:45:00,99.50,0.210
16:45:00,99.56,0.206
16:45:01,99.56,0.208
16:45:01,99.62,0.209
16:45:02,99.62,0.206
16:45:02,99.69,0.209
16:45:03,99.75,0.209
16:45:03,99.81,0.211
16:45:04,99.81,0.213
16:45:04,99.81,0.217
16:45:05,99.87,0.213
16:45:05,99.94,0.211
16:45:06,100.00,0.213
16:45:07,100.00,0.214
16:45:07,100.06,0.217
16:45:08,100.12,0.215
16:45:08,100.19,0.215
16:45:09,100.19,0.213
16:45:09,100.25,0.213
16:45:10,100.31,0.206
16:45:10,100.31,0.203
16:45:11,100.37,0.200
16:45:11,100.44,0.202
16:45:12,100.44,0.196
16:45:12,100.50,0.190
16:45:13,100.50,0.193
16:45:13,100.56,0.193
16:45:14,100.56,0.188
16:45:14,100.56,0.185
16:45:15,100.62,0.183
16:45:15,100.62,0.187
16:45:16,100.62,0.181
16:45:16,100.62,0.180
16:45:17,100.62,0.181
16:45:17,100.62,0.178
16:45:18,100.62,0.179
16:45:18,100.56,0.176
16:45:19,100.50,0.175
16:45:19,100.50,0.171
16:45:20,100.44,0.171
16:45:20,100.37,0.171
16:45:21,100.31,0.168
16:45:21,100.25,0.168
16:45:22,100.19,0.173
16:45:22,100.12,0.173
16:45:23,100.06,0.173
16:45:23,100.00,0.175
16:45:24,99.94,0.177
16:45:24,99.81,0.178
16:45:25,99.75,0.176
16:45:25,99.69,0.178
16:45:26,99.56,0.179
16:45:26,99.50,0.180
16:45:27,99.44,0.181
16:45:27,99.31,0.178
16:45:28,99.25,0.181
16:45:28,99.12,0.180
16:45:29,99.06,0.181
16:45:29,99.00,0.182
16:45:30,99.00,0.181
16:45:30,98.94,0.181
16:45:31,98.81,0.188
16:45:31,98.81,0.184
16:45:32,98.75,0.183
16:45:32,98.69,0.183
16:45:33,98.69,0.186
16:45:33,98.62,0.185
16:45:34,98.62,0.185
16:45:34,98.56,0.188
16:45:35,98.56,0.186
16:45:35,98.50,0.187
16:45:36,98.50,0.189
16:45:36,98.50,0.192
16:45:37,98.50,0.189
16:45:37,98.50,0.190
16:45:38,98.50,0.194
16:45:38,98.50,0.190
16:45:39,98.50,0.190
16:45:39,98.50,0.191
16:45:40,98.50,0.191
16:45:40,98.50,0.193
16:45:41,98.50,0.193
16:45:41,98.56,0.192
16:45:42,98.56,0.190
16:45:42,98.56,0.194
16:45:43,98.56,0.196
16:45:43,98.56,0.195
16:45:44,98.56,0.194
16:45:44,98.56,0.196
16:45:45,98.62,0.195
16:45:45,98.62,0.196
16:45:46,98.62,0.193
16:45:46,98.62,0.196
16:45:47,98.62,0.197
16:45:47,98.69,0.197
16:45:48,98.75,0.196
16:45:48,98.75,0.199
16:45:49,98.81,0.200
16:45:49,98.81,0.198
16:45:50,98.81,0.199
16:45:50,98.87,0.202
16:45:51,98.87,0.201
16:45:51,98.94,0.203
16:45:52,98.94,0.198
16:45:52,98.94,0.201
16:45:53,98.94,0.201
16:45:53,99.00,0.205
16:45:54,99.00,0.204
16:45:54,99.06,0.205
16:45:55,99.12,0.204
16:45:55,99.12,0.207
16:45:56,99.12,0.204
16:45:56,99.25,0.205
16:45:57,99.25,0.209
16:45:57,99.25,0.207
16:45:58,99.31,0.206
16:45:58,99.37,0.203
16:45:59,99.37,0.206
16:45:59,99.44,0.206
16:46:00,99.50,0.214
16:46:00,99.56,0.213
16:46:01,99.56,0.213
16:46:01,99.62,0.213
16:46:02,99.62,0.215
16:46:02,99.69,0.217
16:46:03,99.75,0.212
16:46:03,99.75,0.212
16:46:04,99.81,0.215
16:46:04,99.81,0.214
16:46:05,99.87,0.216
16:46:06,99.94,0.216
16:46:06,100.00,0.217
16:46:07,100.00,0.215
16:46:07,100.06,0.216
16:46:08,100.06,0.216
16:46:08,100.12,0.214
16:46:09,100.12,0.207
16:46:09,100.19,0.205
16:46:10,100.25,0.200
16:46:10,100.25,0.198
16:46:11,100.31,0.196
16:46:11,100.37,0.194
16:46:12,100.37,0.189
16:46:12,100.37,0.191
16:46:13,100.44,0.192
16:46:13,100.50,0.184
16:46:14,100.50,0.183
16:46:14,100.50,0.185
16:46:15,100.50,0.185
16:46:15,100.50,0.181
16:46:16,100.50,0.177
16:46:16,100.50,0.178
16:46:17,100.50,0.177
16:46:17,100.44,0.172
16:46:18,100.44,0.169
16:46:18,100.44,0.173
16:46:19,100.37,0.167
16:46:19,100.31,0.169
16:46:20,100.25,0.166
16:46:20,100.19,0.169
16:46:21,100.19,0.173
16:46:21,100.06,0.174
16:46:22,100.00,0.173
16:46:22,99.94,0.174
16:46:23,99.81,0.176
16:46:23,99.75,0.178
16:46:24,99.69,0.180
16:46:24,99.56,0.177
16:46:25,99.56,0.184
16:46:25,99.44,0.181
16:46:26,99.37,0.177
16:46:26,99.31,0.181
16:46:27,99.25,0.181
16:46:27,99.12,0.179
16:46:28,99.06,0.183
16:46:28,99.00,0.185
16:46:29,98.94,0.184
16:46:29,98.87,0.183
16:46:30,98.81,0.181
16:46:30,98.75,0.186
16:46:31,98.69,0.189
16:46:31,98.62,0.184
16:46:32,98.56,0.186
16:46:32,98.50,0.186
16:46:33,98.50,0.186
16:46:33,98.44,0.190
16:46:34,98.37,0.187
16:46:34,98.37,0.190
16:46:35,98.31,0.194
16:46:35,98.31,0.190
16:46:36,98.25,0.192
16:46:36,98.25,0.192
16:46:37,98.19,0.192
16:46:37,98.19,0.191
16:46:38,98.19,0.191
16:46:38,98.19,0.195
16:46:39,98.19,0.195
16:46:39,98.19,0.196
16:46:40,98.19,0.192
16:46:40,98.19,0.193
16:46:41,98.19,0.193
16:46:41,98.19,0.195
16:46:42,98.19,0.195
16:46:42,98.25,0.196
16:46:43,98.25,0.194
16:46:43,98.25,0.196
16:46:44,98.31,0.197
16:46:44,98.31,0.195
16:46:45,98.31,0.198
16:46:45,98.37,0.196
16:46:46,98.37,0.198
16:46:46,98.44,0.201
16:46:47,98.44,0.201
16:46:47,98.44,0.203
16:46:48,98.50,0.201
16:46:48,98.50,0.201
16:46:49,98.56,0.203
16:46:49,98.56,0.201
16:46:50,98.62,0.198
16:46:50,98.62,0.205
16:46:51,98.62,0.205
16:46:51,98.69,0.206
16:46:52,98.75,0.201
16:46:52,98.75,0.206
16:46:53,98.81,0.207
16:46:53,98.87,0.203
16:46:54,98.87,0.205
16:46:54,98.94,0.206
16:46:55,98.94,0.208
16:46:55,99.00,0.208
16:46:56,99.06,0.208
16:46:56,99.12,0.207
16:46:57,99.12,0.208
16:46:57,99.19,0.209
16:46:58,99.19,0.208
16:46:58,99.25,0.211
16:46:59,99.31,0.211
16:46:59,99.37,0.210
16:47:00,99.44,0.213
16:47:00,99.50,0.212
16:47:01,99.50,0.208
16:47:01,99.56,0.212
16:47:02,99.56,0.214
16:47:02,99.62,0.214
16:47:03,99.69,0.211
16:47:03,99.69,0.215
16:47:04,99.81,0.214
16:47:04,99.81,0.215
16:47:05,99.87,0.214
16:47:05,99.94,0.213
16:47:06,99.94,0.215
16:47:07,100.00,0.211
16:47:07,100.06,0.204
16:47:08,100.12,0.198
16:47:08,100.12,0.197
16:47:09,100.19,0.198
16:47:09,100.25,0.196
16:47:10,100.31,0.192
16:47:10,100.31,0.191
16:47:11,100.37,0.192
16:47:11,100.37,0.188
16:47:12,100.44,0.187
16:47:12,100.44,0.186
16:47:13,100.44,0.184
16:47:13,100.44,0.179
16:47:14,100.50,0.182
16:47:14,100.44,0.175
16:47:15,100.44,0.177
16:47:15,100.44,0.173
16:47:16,100.44,0.171
16:47:16,100.37,0.169
16:47:17,100.37,0.168
16:47:17,100.31,0.167
16:47:18,100.25,0.163
16:47:18,100.19,0.170
16:47:19,100.12,0.175
16:47:19,100.06,0.175
16:47:20,100.00,0.173
16:47:20,99.94,0.178
16:47:21,99.87,0.180
16:47:21,99.81,0.176
16:47:22,99.75,0.176
16:47:22,99.62,0.179
16:47:23,99.56,0.182
16:47:23,99.50,0.182
16:47:24,99.44,0.180
16:47:24,99.37,0.182
16:47:25,99.31,0.183
16:47:25,99.19,0.181
16:47:26,99.12,0.181
16:47:26,99.06,0.182
16:47:27,99.00,0.184
16:47:27,98.94,0.184
16:47:28,98.87,0.186
16:47:28,98.81,0.187
16:47:29,98.81,0.186
16:47:29,98.75,0.186
16:47:30,98.69,0.186
16:47:30,98.62,0.187
16:47:31,98.62,0.188
16:47:31,98.56,0.189
16:47:32,98.56,0.185
16:47:32,98.56,0.191
16:47:33,98.50,0.189
16:47:33,98.44,0.190
16:47:34,98.50,0.192
16:47:34,98.44,0.193
16:47:35,98.44,0.192
16:47:35,98.44,0.193
16:47:36,98.44,0.190
16:47:36,98.44,0.192
16:47:37,98.44,0.190
16:47:37,98.44,0.193
16:47:38,98.44,0.192
16:47:38,98.44,0.192
16:47:39,98.44,0.192
16:47:39,98.44,0.195
16:47:40,98.44,0.195
16:47:40,98.50,0.196
16:47:41,98.50,0.196
16:47:41,98.50,0.197
16:47:42,98.50,0.196
16:47:42,98.56,0.197
16:47:43,98.56,0.194
16:47:43,98.56,0.198
16:47:44,98.56,0.196
16:47:44,98.62,0.198
16:47:45,98.62,0.198
16:47:45,98.69,0.197
16:47:46,98.69,0.201
16:47:46,98.75,0.198
16:47:47,98.75,0.201
16:47:47,98.75,0.201
16:47:48,98.81,0.199
16:47:48,98.81,0.200
16:47:49,98.87,0.202
16:47:49,98.87,0.202
16:47:50,98.94,0.203
16:47:50,99.00,0.203
16:47:51,99.00,0.204
16:47:51,99.06,0.204
16:47:52,99.12,0.203
16:47:52,99.12,0.204
16:47:53,99.12,0.205
16:47:53,99.19,0.206
16:47:54,99.25,0.206
16:47:54,99.25,0.207
16:47:55,99.31,0.209
16:47:55,99.37,0.209
16:47:56,99.44,0.209
16:47:56,99.50,0.207
16:47:57,99.44,0.208
16:47:57,99.50,0.210
16:47:58,99.56,0.210
16:47:58,99.62,0.207
16:47:59,99.69,0.211
16:47:59,99.69,0.211
16:48:00,99.75,0.211
16:48:00,99.81,0.214
16:48:01,99.81,0.213
16:48:01,99.94,0.212
16:48:02,99.94,0.212
16:48:02,100.00,0.212
16:48:03,100.06,0.213
16:48:03,100.12,0.212
16:48:04,100.12,0.212
16:48:04,100.25,0.205
16:48:05,100.25,0.202
16:48:06,100.31,0.202
16:48:06,100.37,0.198
16:48:07,100.44,0.194
16:48:07,100.44,0.193
16:48:08,100.44,0.189
16:48:08,100.50,0.190
16:48:09,100.56,0.190
16:48:09,100.56,0.188
16:48:10,100.62,0.183
16:48:10,100.56,0.182
16:48:11,100.56,0.177
16:48:11,100.62,0.175
16:48:12,100.56,0.178
16:48:12,100.56,0.175
16:48:13,100.56,0.175
16:48:13,100.50,0.169
16:48:14,100.44,0.170
16:48:14,100.44,0.171
16:48:15,100.37,0.165
16:48:15,100.31,0.168
16:48:16,100.25,0.169
16:48:16,100.19,0.172
16:48:17,100.12,0.173
16:48:17,100.06,0.177
16:48:18,99.94,0.173
16:48:18,99.87,0.175
16:48:19,99.81,0.178
16:48:19,99.75,0.177
16:48:20,99.62,0.177
16:48:20,99.56,0.180
16:48:21,99.44,0.180
16:48:21,99.37,0.180
16:48:22,99.31,0.180
16:48:22,99.25,0.180
16:48:23,99.19,0.184
16:48:23,99.06,0.181
16:48:24,99.00,0.183
16:48:24,98.94,0.183
16:48:25,98.87,0.182
16:48:25,98.81,0.184
16:48:26,98.81,0.182
16:48:26,98.75,0.184
16:48:27,98.69,0.184
16:48:27,98.69,0.186
16:48:28,98.62,0.184
16:48:28,98.56,0.186
16:48:29,98.56,0.187
16:48:29,98.50,0.187
16:48:30,98.44,0.188
16:48:30,98.44,0.189
16:48:31,98.44,0.191
16:48:31,98.44,0.188
16:48:32,98.37,0.187
16:48:32,98.37,0.189
16:48:33,98.37,0.189
16:48:33,98.37,0.190
16:48:34,98.37,0.188
16:48:34,98.37,0.189
16:48:35,98.37,0.191
16:48:35,98.37,0.193
16:48:36,98.37,0.193
16:48:36,98.37,0.194
16:48:37,98.37,0.196
16:48:37,98.37,0.195
16:48:38,98.37,0.193
16:48:38,98.37,0.197
16:48:39,98.37,0.196
16:48:39,98.44,0.195
16:48:40,98.37,0.197
16:48:40,98.44,0.196
16:48:41,98.44,0.196
16:48:41,98.44,0.199
16:48:42,98.44,0.201
16:48:42,98.50,0.198
16:48:43,98.50,0.199
16:48:43,98.56,0.199
16:48:44,98.56,0.200
16:48:44,98.56,0.199
16:48:45,98.56,0.199
16:48:45,98.62,0.199
16:48:46,98.62,0.202
16:48:46,98.69,0.200
16:48:47,98.69,0.201
16:48:47,98.75,0.206
16:48:48,98.75,0.203
16:48:48,98.81,0.205
16:48:49,98.87,0.204
16:48:49,98.87,0.205
16:48:50,98.94,0.204
16:48:50,99.00,0.207
16:48:51,99.00,0.207
16:48:51,99.06,0.211
16:48:52,99.06,0.209
16:48:52,99.19,0.211
16:48:53,99.19,0.214
16:48:53,99.25,0.208
16:48:54,99.25,0.210
16:48:54,99.25,0.210
16:48:55,99.31,0.213
16:48:55,99.37,0.214
16:48:56,99.44,0.210
16:48:56,99.44,0.213
16:48:57,99.50,0.212
16:48:57,99.56,0.215
16:48:58,99.62,0.219
16:48:58,99.62,0.216
16:48:59,99.69,0.214
16:48:59,99.69,0.216
16:49:00,99.75,0.215
16:49:00,99.81,0.216
16:49:01,99.81,0.216
16:49:01,99.87,0.206
16:49:02,99.94,0.204
16:49:02,100.00,0.200
16:49:03,100.00,0.200
16:49:03,100.06,0.196
16:49:04,100.06,0.194
16:49:04,100.12,0.191
16:49:05,100.19,0.191
16:49:06,100.19,0.192
16:49:06,100.25,0.188
16:49:07,100.25,0.182
16:49:07,100.31,0.181
16:49:08,100.31,0.179
16:49:08,100.31,0.178
16:49:09,100.31,0.177
16:49:09,100.31,0.174
16:49:10,100.31,0.174
16:49:10,100.25,0.172
16:49:11,100.25,0.172
16:49:11,100.19,0.168
16:49:12,100.19,0.167
16:49:12,100.06,0.166
16:49:13,100.06,0.168
16:49:13,100.00,0.172
16:49:14,99.94,0.173
16:49:14,99.87,0.175
16:49:15,99.75,0.175
16:49:15,99.69,0.178
16:49:16,99.62,0.178
16:49:16,99.50,0.178
16:49:17,99.44,0.180
16:49:17,99.31,0.180
16:49:18,99.25,0.181
16:49:18,99.19,0.181
16:49:19,99.12,0.179
16:49:19,99.06,0.184
16:49:20,99.00,0.184
16:49:20,98.94,0.182
16:49:21,98.87,0.185
16:49:21,98.81,0.188
16:49:22,98.75,0.188
16:49:22,98.69,0.186
16:49:23,98.69,0.185
16:49:23,98.62,0.185
16:49:24,98.56,0.188
16:49:24,98.56,0.184
16:49:25,98.50,0.189
16:49:25,98.50,0.189
16:49:26,98.44,0.193
16:49:26,98.44,0.192
16:49:27,98.37,0.190
16:49:27,98.37,0.187
16:49:28,98.37,0.189
16:49:28,98.31,0.191
16:49:29,98.31,0.191
16:49:29,98.37,0.193
16:49:30,98.37,0.192
16:49:30,98.31,0.191
16:49:31,98.31,0.191
16:49:31,98.37,0.194
16:49:32,98.31,0.193
16:49:32,98.37,0.196
16:49:33,98.37,0.199
16:49:33,98.37,0.197
16:49:34,98.44,0.196
16:49:34,98.44,0.196
16:49:35,98.44,0.198
16:49:35,98.44,0.197
16:49:36,98.50,0.200
16:49:36,98.50,0.199
16:49:37,98.50,0.202
16:49:37,98.56,0.201
16:49:38,98.56,0.199
16:49:38,98.62,0.203
16:49:39,98.62,0.203
16:49:39,98.62,0.202
16:49:40,98.69,0.201
16:49:40,98.69,0.199
16:49:41,98.75,0.203
16:49:41,98.75,0.208
16:49:42,98.81,0.205
16:49:42,98.87,0.201
16:49:43,98.87,0.205
16:49:43,98.94,0.209
16:49:44,98.94,0.205
16:49:44,99.00,0.204
16:49:45,99.06,0.206
16:49:45,99.06,0.211
16:49:46,99.12,0.209
16:49:46,99.12,0.208
16:49:47,99.19,0.212
16:49:47,99.19,0.208
16:49:48,99.25,0.209
16:49:48,99.31,0.209
16:49:49,99.31,0.212
16:49:49,99.37,0.214
16:49:50,99.44,0.213
16:49:50,99.50,0.215
16:49:51,99.50,0.215
16:49:51,99.56,0.214
16:49:52,99.62,0.211
16:49:52,99.62,0.214
16:49:53,99.69,0.215
16:49:53,99.75,0.214
16:49:54,99.81,0.214
16:49:54,99.81,0.216
16:49:55,99.87,0.214
16:49:55,99.87,0.217
16:49:56,99.94,0.216
16:49:56,100.00,0.216
16:49:57,100.06,0.209
16:49:57,100.12,0.203
16:49:58,100.19,0.199
16:49:58,100.19,0.198
16:49:59,100.25,0.193
16:49:59,100.31,0.194
16:50:00,100.37,0.191
16:50:00,100.44,0.187
16:50:01,100.44,0.186
16:50:01,100.50,0.184
16:50:02,100.50,0.184
16:50:02,100.56,0.180
16:50:03,100.56,0.179
16:50:03,100.56,0.176
16:50:04,100.50,0.178
16:50:04,100.50,0.172
16:50:05,100.50,0.174
16:50:06,100.50,0.168
16:50:06,100.44,0.169
16:50:07,100.44,0.168
16:50:07,100.37,0.163
16:50:08,100.31,0.173
16:50:08,100.25,0.175
16:50:09,100.19,0.175
16:50:09,100.12,0.178
16:50:10,100.06,0.174
16:50:10,100.00,0.180
16:50:11,99.87,0.180
16:50:11,99.81,0.176
16:50:12,99.75,0.181
16:50:12,99.62,0.181
16:50:13,99.56,0.177
16:50:13,99.50,0.182
16:50:14,99.44,0.184
16:50:14,99.31,0.186
16:50:15,99.25,0.184
16:50:15,99.25,0.184
16:50:16,99.12,0.184
16:50:16,99.12,0.183
16:50:17,99.06,0.187
16:50:17,99.00,0.186
16:50:18,98.94,0.189
16:50:18,98.94,0.187
16:50:19,98.87,0.185
16:50:19,98.81,0.184
16:50:20,98.81,0.189
16:50:20,98.75,0.189
16:50:21,98.75,0.192
16:50:21,98.69,0.189
16:50:22,98.69,0.190
16:50:22,98.62,0.192
16:50:23,98.62,0.191
16:50:23,98.62,0.189
16:50:24,98.62,0.192
16:50:24,98.62,0.192
16:50:25,98.62,0.196
16:50:25,98.56,0.194
16:50:26,98.56,0.196
16:50:26,98.62,0.193
16:50:27,98.62,0.196
16:50:27,98.62,0.196
16:50:28,98.62,0.195
16:50:28,98.62,0.195
16:50:29,98.62,0.198
16:50:29,98.69,0.198
16:50:30,98.69,0.198
16:50:30,98.69,0.199
16:50:31,98.75,0.198
16:50:31,98.69,0.200
16:50:32,98.75,0.201
16:50:32,98.75,0.198
16:50:33,98.81,0.200
16:50:33,98.81,0.199
16:50:34,98.81,0.203
16:50:34,98.81,0.202
16:50:35,98.87,0.205
16:50:35,98.94,0.203
16:50:36,98.94,0.204
16:50:36,99.00,0.203
16:50:37,99.00,0.206
16:50:37,99.00,0.203
16:50:38,99.06,0.208
16:50:38,99.06,0.206
16:50:39,99.12,0.207
16:50:39,99.12,0.209
16:50:40,99.19,0.207
16:50:40,99.19,0.204
16:50:41,99.25,0.206
16:50:41,99.25,0.212
16:50:42,99.31,0.210
16:50:42,99.31,0.212
16:50:43,99.37,0.211
16:50:43,99.37,0.211
16:50:44,99.44,0.214
16:50:44,99.44,0.215
16:50:45,99.50,0.213
16:50:45,99.50,0.212
16:50:46,99.56,0.213
16:50:46,99.56,0.213
16:50:47,99.62,0.214
16:50:47,99.62,0.214
16:50:48,99.69,0.215
16:50:48,99.69,0.212
16:50:49,99.75,0.215
16:50:49,99.81,0.215
16:50:50,99.81,0.216
16:50:50,99.81,0.214
16:50:51,99.87,0.199
16:50:51,99.94,0.202
16:50:52,99.94,0.197
16:50:52,100.00,0.194
16:50:53,100.00,0.196
16:50:53,100.06,0.190
16:50:54,100.12,0.190
16:50:54,100.19,0.190
16:50:55,100.19,0.183
16:50:55,100.19,0.185
16:50:56,100.25,0.181
16:50:56,100.25,0.182
16:50:57,100.25,0.179
16:50:57,100.25,0.177
16:50:58,100.25,0.177
16:50:58,100.25,0.170
16:50:59,100.19,0.170
16:50:59,100.19,0.169
16:51:00,100.12,0.167
16:51:00,100.06,0.165
16:51:01,100.06,0.166
16:51:01,99.94,0.168
16:51:02,99.94,0.172
16:51:02,99.87,0.174
16:51:03,99.75,0.175
16:51:03,99.69,0.177
16:51:04,99.62,0.178
16:51:04,99.56,0.180
16:51:05,99.50,0.179
16:51:06,99.44,0.177
16:51:06,99.37,0.179
16:51:07,99.25,0.181
16:51:07,99.19,0.180
16:51:08,99.12,0.182
16:51:08,99.06,0.181
16:51:09,99.00,0.183
16:51:09,98.94,0.187
16:51:10,98.87,0.186
16:51:10,98.81,0.188
16:51:11,98.75,0.185
16:51:11,98.69,0.187
16:51:12,98.69,0.186
16:51:12,98.62,0.190
16:51:13,98.56,0.188
16:51:13,98.56,0.191
16:51:14,98.50,0.188
16:51:14,98.50,0.185
16:51:15,98.44,0.191
16:51:15,98.44,0.190
16:51:16,98.44,0.189
16:51:16,98.37,0.190
16:51:17,98.37,0.189
16:51:17,98.31,0.191
16:51:18,98.37,0.193
16:51:18,98.37,0.190
16:51:19,98.37,0.193
16:51:19,98.37,0.197
16:51:20,98.31,0.195
16:51:20,98.31,0.194
16:51:21,98.31,0.197
16:51:21,98.37,0.195
16:51:22,98.31,0.195
16:51:22,98.37,0.193
16:51:23,98.31,0.197
16:51:23,98.37,0.199
16:51:24,98.37,0.196
16:51:24,98.37,0.197
16:51:25,98.37,0.197
16:51:25,98.37,0.196
16:51:26,98.44,0.200
16:51:26,98.44,0.201
16:51:27,98.50,0.202
16:51:27,98.44,0.198
16:51:28,98.44,0.200
16:51:28,98.50,0.201
16:51:29,98.50,0.202
16:51:29,98.56,0.203
16:51:30,98.56,0.206
16:51:30,98.56,0.205
16:51:31,98.56,0.204
16:51:31,98.62,0.202
16:51:32,98.62,0.202
16:51:32,98.69,0.207
16:51:33,98.69,0.206
16:51:33,98.69,0.204
16:51:34,98.75,0.210
16:51:34,98.81,0.208
16:51:35,98.87,0.207
16:51:35,98.94,0.210
16:51:36,98.94,0.207
16:51:36,99.00,0.206
16:51:37,99.06,0.208
16:51:37,99.06,0.212
16:51:38,99.12,0.210
16:51:38,99.19,0.211
16:51:39,99.19,0.212
16:51:39,99.25,0.215
16:51:40,99.31,0.211
16:51:40,99.37,0.217
16:51:41,99.37,0.213
16:51:41,99.44,0.217
16:51:42,99.50,0.215
16:51:42,99.56,0.215
16:51:43,99.62,0.219
16:51:43,99.62,0.214
16:51:44,99.69,0.216
16:51:44,99.75,0.211
16:51:45,99.81,0.200
16:51:45,99.87,0.200
16:51:46,99.94,0.199
16:51:46,99.94,0.195
16:51:47,100.00,0.193
16:51:47,100.06,0.190
16:51:48,100.06,0.189
16:51:48,100.12,0.181
16:51:49,100.12,0.184
16:51:49,100.19,0.181
16:51:50,100.25,0.180
16:51:50,100.25,0.179
16:51:51,100.25,0.174
16:51:51,100.25,0.176
16:51:52,100.25,0.172
16:51:52,100.19,0.172
16:51:53,100.19,0.170
16:51:53,100.12,0.170
16:51:54,100.12,0.168
16:51:54,100.06,0.163
16:51:55,100.00,0.164
16:51:55,99.94,0.176
16:51:56,99.94,0.170
16:51:56,99.81,0.174
16:51:57,99.81,0.176
16:51:57,99.69,0.174
16:51:58,99.62,0.178
16:51:58,99.50,0.179
16:51:59,99.44,0.178
16:51:59,99.37,0.179
16:52:00,99.31,0.179
16:52:00,99.25,0.179
16:52:01,99.12,0.181
16:52:01,99.06,0.185
16:52:02,99.00,0.184
16:52:02,98.94,0.181
16:52:03,98.94,0.183
16:52:03,98.81,0.183
16:52:04,98.81,0.186
16:52:04,98.75,0.182
16:52:05,98.69,0.185
16:52:05,98.69,0.188
16:52:06,98.62,0.186
16:52:06,98.62,0.187
16:52:07,98.56,0.186
16:52:08,98.50,0.187
16:52:08,98.50,0.189
16:52:09,98.50,0.189
16:52:09,98.44,0.191
16:52:10,98.44,0.188
16:52:10,98.44,0.190
16:52:11,98.44,0.192
16:52:11,98.44,0.192
16:52:12,98.44,0.195
16:52:12,98.44,0.196
16:52:13,98.44,0.192
16:52:13,98.44,0.196
16:52:14,98.44,0.194
16:52:14,98.44,0.193
16:52:15,98.50,0.194
16:52:15,98.50,0.193
16:52:16,98.44,0.193
16:52:16,98.50,0.197
16:52:17,98.50,0.196
16:52:17,98.50,0.197
16:52:18,98.56,0.201
16:52:18,98.56,0.196
16:52:19,98.56,0.195
16:52:19,98.56,0.201
16:52:20,98.62,0.200
16:52:20,98.62,0.201
16:52:21,98.69,0.201
16:52:21,98.69,0.199
16:52:22,98.69,0.204
16:52:22,98.69,0.201
16:52:23,98.75,0.203
16:52:23,98.75,0.202
16:52:24,98.75,0.203
16:52:24,98.81,0.205
16:52:25,98.81,0.205
16:52:25,98.81,0.206
16:52:26,98.87,0.205
16:52:26,98.94,0.207
16:52:27,98.94,0.206
16:52:27,99.00,0.206
16:52:28,99.00,0.207
16:52:28,99.00,0.209
16:52:29,99.06,0.209
16:52:29,99.06,0.209
16:52:30,99.12,0.209
16:52:30,99.12,0.206
16:52:31,99.19,0.207
16:52:31,99.19,0.212
16:52:32,99.25,0.212
16:52:32,99.31,0.213
16:52:33,99.31,0.215
16:52:33,99.37,0.213
16:52:34,99.44,0.215
16:52:34,99.50,0.212
16:52:35,99.50,0.216
16:52:35,99.50,0.212
16:52:36,99.56,0.215
16:52:36,99.62,0.218
16:52:37,99.69,0.214
16:52:37,99.75,0.207
16:52:38,99.81,0.203
16:52:38,99.81,0.198
16:52:39,99.87,0.196
16:52:39,99.87,0.196
16:52:40,100.00,0.193
16:52:40,100.00,0.189
16:52:41,100.06,0.188
16:52:41,100.06,0.186
16:52:42,100.12,0.181
16:52:42,100.12,0.182
16:52:43,100.19,0.179
16:52:43,100.19,0.180
16:52:44,100.19,0.178
16:52:44,100.19,0.177
16:52:45,100.19,0.172
16:52:45,100.19,0.169
16:52:46,100.12,0.168
16:52:46,100.12,0.168
16:52:47,100.06,0.167
16:52:47,100.06,0.163
16:52:48,100.00,0.170
16:52:48,99.87,0.175
16:52:49,99.87,0.173
16:52:49,99.81,0.175
16:52:50,99.69,0.181
16:52:50,99.69,0.178
16:52:51,99.56,0.176
16:52:51,99.50,0.178
16:52:52,99.37,0.179
16:52:52,99.31,0.180
16:52:53,99.25,0.180
16:52:53,99.19,0.183
16:52:54,99.12,0.182
16:52:54,99.06,0.182
16:52:55,98.94,0.188
16:52:55,98.87,0.185
16:52:56,98.81,0.187
16:52:56,98.75,0.187
16:52:57,98.75,0.186
16:52:57,98.69,0.188
16:52:58,98.62,0.185
16:52:58,98.56,0.188
16:52:59,98.56,0.187
16:52:59,98.50,0.189
16:53:00,98.50,0.187
16:53:00,98.50,0.191
16:53:01,98.44,0.192
16:53:01,98.44,0.194
16:53:02,98.44,0.190
16:53:02,98.37,0.188
16:53:03,98.37,0.194
16:53:03,98.37,0.194
16:53:04,98.37,0.194
16:53:04,98.37,0.192
16:53:05,98.44,0.194
16:53:05,98.37,0.195
16:53:06,98.37,0.192
16:53:06,98.37,0.196
16:53:07,98.44,0.198
16:53:07,98.44,0.196
16:53:08,98.44,0.195
16:53:08,98.44,0.195
16:53:09,98.50,0.198
16:53:09,98.50,0.196
16:53:10,98.50,0.200
16:53:11,98.50,0.200
16:53:11,98.50,0.203
16:53:12,98.56,0.197
16:53:12,98.56,0.201
16:53:13,98.56,0.203
16:53:13,98.62,0.203
16:53:14,98.62,0.204
16:53:14,98.69,0.204
16:53:15,98.75,0.206
16:53:15,98.69,0.205
16:53:16,98.75,0.203
16:53:16,98.75,0.208
16:53:17,98.81,0.204
16:53:17,98.81,0.209
16:53:18,98.87,0.203
16:53:18,98.87,0.207
16:53:19,98.94,0.207
16:53:19,99.00,0.208
16:53:20,99.00,0.207
16:53:20,99.06,0.211
16:53:21,99.12,0.210
16:53:21,99.12,0.208
16:53:22,99.12,0.212
16:53:22,99.25,0.210
16:53:23,99.25,0.210
16:53:23,99.31,0.214
16:53:24,99.37,0.211
16:53:24,99.37,0.215
16:53:25,99.44,0.216
16:53:25,99.44,0.214
16:53:26,99.50,0.212
16:53:26,99.50,0.214
16:53:27,99.56,0.216
16:53:27,99.62,0.217
16:53:28,99.62,0.217
16:53:28,99.69,0.218
16:53:29,99.75,0.215
16:53:29,99.81,0.207
16:53:30,99.81,0.200
16:53:30,99.87,0.199
16:53:31,99.94,0.199
16:53:31,99.94,0.192
16:53:32,100.00,0.193
16:53:32,100.06,0.192
16:53:33,100.06,0.186
16:53:33,100.12,0.184
16:53:34,100.12,0.185
16:53:34,100.19,0.182
16:53:35,100.19,0.177
16:53:35,100.19,0.178
16:53:36,100.19,0.178
16:53:36,100.19,0.173
16:53:37,100.12,0.174
16:53:37,100.12,0.172
16:53:38,100.12,0.169
16:53:38,100.06,0.166
16:53:39,100.00,0.166
16:53:39,100.00,0.172
16:53:40,99.94,0.171
16:53:40,99.94,0.175
16:53:41,99.81,0.176
16:53:41,99.75,0.174
16:53:42,99.69,0.177
16:53:42,99.62,0.178
16:53:43,99.50,0.178
16:53:43,99.44,0.180
16:53:44,99.37,0.182
16:53:44,99.25,0.184
16:53:45,99.19,0.182
16:53:45,99.12,0.181
16:53:46,99.06,0.186
16:53:46,99.06,0.181
16:53:47,98.94,0.184
16:53:47,98.87,0.184
16:53:48,98.87,0.184
